Family,ASW11,ASW15,ASW16,ASW19,ASW20,ASW22,ASW29,ASW2,ASW31,ASW35,ASW37,ASW38,ASW3,ASW45,ASW47,ASW49,ASW50,ASW51,ASW54,ASW56,ASW59,ASW62,ASW64,ASW65,ASW66,ASW67,ASW68,ASW69,ASW73,ASW74,ASW7
Eubacteriales XIII,1624,821,0,199,2238,4280,1236,677,4959,5125,3889,197,320,265,307,328,5768,59,203,52,999,2043,771,4400,895,369,3516,1321,0,1608,3051
Clostridiaceae,105736,22561,63,9308,15640,11754,4546,16797,141273,148895,36983,3499,6813,6649,10145,3146,100855,1434,10535,2248,8434,39329,29252,120048,16177,8327,24487,55452,64,31051,13348
Peptostreptococcaceae,23863,8493,15,2706,3901,4385,3065,3580,43194,29096,32168,1636,2957,3889,29419,3503,20999,807,2229,503,2613,12423,5862,33554,4766,1661,37506,146211,36,12401,5031
Lachnospiraceae,14567,20367,25,1825,13204,12631,18459,2823,33724,28719,119448,7570,5517,3682,103193,4837,16255,1558,2324,681,21738,8729,92424,62477,54612,1776,19522,389791,151,28830,36869
Oscillospiraceae,8588,10240,0,2887,9212,12929,20788,1736,11587,11353,31631,17169,2381,1152,11404,2481,31937,856,3050,658,13664,9804,6246,12430,14583,919,21489,11781,66,30240,31954
Vallitaleaceae,1246,139,0,86,150,192,66,118,742,887,384,36,54,36,41,29,615,0,206,27,81,257,160,953,123,77,269,252,0,237,171
Eubacteriaceae,1344,481,0,169,572,496,1022,332,5956,2062,1993,254,187,113,1445,343,1541,25,266,37,577,668,990,2329,479,140,2932,2862,0,13363,1927
Desulfitobacteriaceae,703,204,0,85,162,198,180,96,893,1264,417,49,61,61,106,53,991,15,114,19,111,342,156,1076,216,65,1436,365,0,276,145
Peptococcaceae,383,85,0,97,52,121,142,59,342,636,270,0,38,18,70,41,705,0,91,70,60,300,76,565,148,14,788,242,0,117,150
Syntrophomonadaceae,213,81,0,80,54,87,74,29,339,425,69,15,16,11,22,27,389,0,37,0,27,146,71,349,76,37,175,62,0,127,38
Heliobacteriaceae,209,12,0,56,30,154,43,19,76,92,103,23,16,0,19,16,352,0,38,0,20,299,90,83,27,0,98,34,0,44,102
Proteinivoraceae,184,65,0,26,57,57,10,28,426,453,103,11,26,12,0,10,357,0,29,0,18,119,45,335,82,14,97,77,0,69,16
Thermincolaceae,150,0,0,0,0,16,15,0,15,36,19,0,0,0,0,11,23,0,12,0,0,0,0,20,25,0,30,0,0,13,0
Desulfallaceae,56,0,0,37,0,53,47,0,18,0,26,0,0,0,15,13,16,0,14,0,10,0,0,19,11,0,86,12,0,14,20
Symbiobacteriaceae,39,17,0,48,0,20,124,0,82,12,16,16,0,0,0,0,71,0,78,46,0,69,0,0,0,46,38,0,0,70,35
Thermoanaerobacterales III,2426,793,0,313,599,491,149,431,4286,5092,1020,88,262,264,83,111,3814,47,388,70,225,1234,416,4349,448,254,778,640,0,1103,359
Thermoanaerobacteraceae,1395,332,0,169,260,412,167,205,2510,2160,528,89,116,116,83,70,1755,30,266,49,97,672,244,1777,234,196,793,294,0,492,274
Thermodesulfobiaceae,19,0,0,0,0,11,0,0,12,0,13,0,0,0,10,0,28,0,0,0,0,0,0,15,125,0,59,17,0,20,0
Halanaerobiaceae,841,198,0,71,147,101,40,125,1095,1270,247,38,67,48,24,50,1013,12,164,17,62,332,113,1143,153,68,275,160,0,288,108
Halobacteroidaceae,636,134,0,53,122,41,24,40,775,1172,198,0,38,47,18,0,635,14,39,10,27,218,92,749,28,40,152,126,0,179,19
Tepidanaerobacteraceae,620,85,0,51,42,70,33,93,613,642,128,17,23,27,20,13,566,0,70,0,30,250,77,450,42,50,194,84,0,179,90
Natranaerobiaceae,166,0,0,0,0,11,0,0,0,21,15,0,0,0,0,10,20,0,23,0,0,0,10,37,25,0,46,11,0,0,0
Natranaerofabaceae,163,54,0,22,41,29,11,40,186,227,65,0,11,0,0,0,203,0,28,0,13,82,34,264,54,35,62,51,0,66,29
Koleobacteraceae,73,17,0,18,10,52,18,0,13,30,29,0,0,0,0,0,41,0,24,0,0,31,14,18,11,0,82,58639,0,0,60
Peptoniphilaceae,374311,72541,249,36712,131483,137568,7148,57083,473696,588612,87168,110990,34571,31239,2489,14519,385136,4647,154493,97826,23694,151561,134345,369510,186210,36128,19153,37159,213,103612,48443
Tissierellaceae,6775,1384,0,510,1101,684,135,685,7936,12558,1546,152,373,454,73,160,7218,81,775,158,304,2332,653,7970,744,447,16393,915,0,1750,438
Thermohalobacteraceae,1135,6361,0,75,2930,2922,40,108,52012,80605,8237,24,1701,1076,0,27,149642,0,5105,31,1078,114822,3641,23355,23131,2552,431,128,0,218,108
Gottschalkiaceae,131039,252,0,83,228,104,775,96,1523,1837,300,1440,83,80,13,1167,1337,15,92,1250,57,422,111,1553,148,64,2105,201,0,252,1198
Streptococcaceae,149759,110520,97,12383,20282,21316,7594,38506,197276,225528,34844,7302,9778,8439,1875,7491,109008,1436,13955,6699,6677,40994,16928,216703,23651,11997,27086,18981,970,50679,19356
Lactobacillaceae,10900,593077,11,1210,2145,2286,1129,1534,8875,12772,1058385,3314,1548,4395,186723,495,9324,1889630,1399,423,22175,4094,211127,9827,2346,1111,2847,2152,1065,3547,1824
Carnobacteriaceae,13599,766,0,1701,1004,1280,287,2580,6567,9921,1713,715,614,334,124,247,9167,62,1200,640,443,2822,1273,8467,2983,997,1212,1067,85,2023,451
Aerococcaceae,8868,1452,0,601,616,1426,362,1231,11771,9621,1689,861,346,159,60,604,10307,27,55355,349,330,4475,946,4576,980,845,227,939,26,2599,926
Enterococcaceae,6972,1301,0,681,2990,11164,4673,863,9059,8013,5879,344,455,520,748,375,5750,134,1992,4189,668,3242,5145,7873,1235,456,3778,2387,15,1932,169611
Bacillaceae,21279,5785,16,2368,4522,3446,2580,3276,29842,35611,9636,998,1770,1806,1874,1095,27017,655,3121,814,2053,9877,5475,31674,4392,2253,10856,7276,127,8092,3623
Staphylococcaceae,7904,72643,30,1026,1378,1466,1072,2187,16079,17127,2856,443,1724,599,424,412,7696,352,1935,363,1072,3952,2072,10085,1424,915,2707,1826,138,3535,1556
Paenibacillaceae,13171,2211,0,1046,1421,2642,2866,2866,15770,17018,5591,1121,1004,1158,1326,974,17244,243,6864,678,1203,6814,1959,23521,1567,3112,7192,3732,11,3882,3231
Planococcaceae,2179,400,0,215,766,604,217,336,1998,2966,1614,93,156,131,214,111,2074,52,375,100,199,989,1066,2220,331,181,3547,1317,15,729,476
Listeriaceae,1113,415,0,215,287,312,153,185,2046,2857,583,357,138,120,206,151,2042,69,194,38,129,632,332,2031,409,171,526,403,0,644,313
Alicyclobacillaceae,264,105,0,64,68,176,126,96,445,631,134,31,34,33,38,11,430,44,65,22,35,226,74,459,28,54,248,70,0,90,85
Thermoactinomycetaceae,62,13,0,14,13,61,55,39,28,82,67,21,0,0,33,0,212,0,37,52,16,163,54,41,141,41,140,58,0,85,77
Erysipelotrichaceae,8161,1926,0,665,1415,1407,3093,2131,15796,8106,7775,746,748,511,6502,1328,18589,112,902,225,1189,5478,11093,9632,2692,1475,3119,29250,0,3889,4335
Turicibacteraceae,53,630,0,23,121,99,103,26,351,7778,242,12,32,20,80,19,6475,0,66,0,83,3486,197,189,458,19,492,406,0,330,91
Selenomonadaceae,1441,10357,0,199,3471,312,1527,357,1544,1309,5058,151,90,101,52592,485,1365,23,205,133,131,2158,320,3112,125,213,1413,21428,10,514,517
Sporomusaceae,231,45,0,38,45,76,82,58,121,180,103,18,18,0,23,19,428,0,41,10,31,157,55,270,58,22,2007,116,0,61,72
Veillonellaceae,1233,38000,0,99,4017,158,4753,447,10066,1618,18922,125,149,178,116,144,1873,89,169,33,173,2704,735,3101,2390,87,889,653,81,4910,297
Acidaminococcaceae,1026,42,0,158,173,353,1331,220,820,364,6223,42,32,0,121,83,534,0,195,0,72,349,189,707,119,152,259,501,0,105,247
Corynebacteriaceae,457035,322,227,3359,90241,908813,1946745,839614,5428,179384,991,3434030,394,7435,306,1220,199944,2397,21781,366021,583,225041,61299,6483,2111316,2952403,6394,16488,2097,565630,224010
Mycobacteriaceae,9432,628,11,1140,268,1741,24377,2169,1939,1380,593,7049,200,352,367,272,5926,841,20923,8304,225,6348,746,387,1762,12434,3558,595,132,13453,10244
Nocardiaceae,6875,303,13,628,161,1331,12789,1686,1077,1238,325,5171,81,210,216,177,4027,1433,14176,5995,123,4571,419,232,1014,10195,1716,355,117,9300,6060
Gordoniaceae,3054,84,0,283,45,301,4948,372,256,571,107,1329,29,78,69,47,1685,150,4984,2321,34,1717,150,64,286,2889,484,140,33,3646,2389
Dietziaceae,3998,59,0,122,0,172,3576,307,144,219,38,928,17,59,38,16,1976,104,2613,3748,13,2078,80,39,135,2231,244,101,32,3507,1482
Tsukamurellaceae,841,33,0,77,0,79,1751,173,72,50,30,438,0,17,13,24,512,30,1683,712,0,581,33,17,89,1115,74,33,0,1332,970
Lawsonellaceae,959,0,0,45244,63,61,47621,31919,82,3669,11260,95,10129,1713,0,5473,409,675,55881,772,13128,868,27,0,268340,187536,336838,3879,240,94010,19268
Segniliparaceae,111,0,0,14,0,24,149,0,0,18,11,31,0,0,0,0,46,20,140,278,0,80,0,0,0,69,50,23,0,258,104
Microbacteriaceae,6386,846,30,3543,396,5194,12766,4559,2852,1245,917,12862,308,631,619,860,5433,1146,92733,5464,363,5574,1536,622,820,13353,2667,657,354,11015,38401
Micrococcaceae,6245,372,355,2699,411,3566,16587,2988,1622,1430,714,8443,282,485,392,586,4774,629,38151,4917,315,4605,753,646,788,11186,2278,554,561,10297,30083
Brevibacteriaceae,1100,50,0,587,92,635,2267,733,259,138,117,1608,38,87,51,106,1091,210,9334,1043,54,1161,131,106,34,2415,278,84,36,2110,5595
Cellulomonadaceae,1016,131,0,898,51,1074,2597,926,814,188,127,3617,77,144,154,169,986,255,20231,980,61,1105,304,88,268,3343,467,136,81,2371,10974
Dermabacteraceae,928,89,0,641,92,810,3976,1506,494,285,102,2666,57,110,88,175,878,134,32406,677,49,864,210,120,148,4127,432,98,29,1719,8443
Ornithinimicrobiaceae,627,79,0,277,63,375,1027,270,185,106,43,736,20,51,25,62,491,283,5954,569,16,421,90,34,67,1094,189,70,52,1178,2969
Intrasporangiaceae,580,48,0,196,24,383,799,159,115,33,41,663,21,36,28,58,417,374,10480,537,26,436,72,29,19,915,185,56,42,931,2746
Promicromonosporaceae,430,64,0,350,30,461,1035,360,217,50,61,692,37,80,55,88,289,112,9395,394,41,260,105,55,41,1214,178,63,14,921,4943
Bogoriellaceae,352,24,0,691,24,821,1348,162,92,56,30,525,63,94,26,123,333,60,5477,274,42,246,47,45,118,708,125,76,15,1103,8979
Dermacoccaceae,366,23,0,281,36,157,1408,123,155,67,23,436,19,20,28,50,314,160,4778,269,0,355,40,14,12,1027,104,23,15,700,1456
Ruaniaceae,234,39,0,210,24,279,664,273,71,41,19,557,19,26,28,43,179,47,2206,150,14,168,85,18,21,641,69,37,0,402,2624
Kytococcaceae,200,23,0,0,0,29,241,28,59,0,0,43,0,0,0,0,77,18,2733,225,0,139,0,0,0,141,0,0,0,154,370
Dermatophilaceae,214,28,0,75,21,138,222,37,51,65,23,85,0,0,0,18,114,96,707,124,12,135,15,68,12,165,57,16,0,182,1154
Sanguibacteraceae,78,25,0,62,0,108,264,165,50,34,26,571,0,0,0,15,96,18,3258,55,0,34,11,0,0,199,33,0,0,161,1005
Jonesiaceae,57,0,0,16,0,0,92,10,0,23,0,81,0,0,0,0,33,0,28,44,0,29,0,29,21,102,30,0,0,103,72
Beutenbergiaceae,107,37,0,425,27,301,441,117,63,94,29,1426,36,41,30,70,144,95,4218,67,0,79,94,0,15,1176,64,52,0,392,4050
Actinomycetaceae,13104,538,0,24016,17993,117613,38636,172361,19416,1530,1924,89577,1923,4011,398,4994,14609,906,40637,11954,1414,11778,9268,4833,6678,36568,4017,2552,489,38209,321576
Propionibacteriaceae,8069,315,177,1228,183,1748,4084,2475,1364,680,377,7506,131,229,177,974,5672,1008,405888,7926,455,6304,459,439,571,7836,893,498,1626,12616,14013
Nocardioidaceae,2262,363,19,1001,136,1735,4861,1577,1125,311,299,3412,87,167,255,266,1849,641,49157,1819,110,1785,494,112,240,4369,917,179,381,3464,10073
Kribbellaceae,47,0,0,34,0,57,148,42,24,11,14,115,0,0,0,0,15,17,2254,45,0,0,14,0,0,139,51,0,11,81,477
Streptomycetaceae,8655,1608,19,3079,576,5109,18711,7383,4558,1876,1622,20331,400,669,1195,723,7570,2550,77925,7274,498,7808,2500,617,1016,21985,4379,816,269,13561,28449
Bifidobacteriaceae,7555,6863,0,940,1772,1320,3432,1141,5054,2741,3672,7503,274,353,641371,649,7030,134,3216,6445,429,7870,438875,3725,510,5428,1495,1062,33,12735,8766
Pseudonocardiaceae,4057,511,19,705,179,1275,7115,1981,1522,610,358,6336,85,210,279,179,2777,726,25413,3523,131,2914,563,139,254,7130,1277,278,99,6110,7019
Micromonosporaceae,1797,418,0,504,130,900,3017,1256,1081,323,283,4089,88,156,278,151,1590,588,17611,1627,85,1629,569,125,349,4059,992,153,94,2932,5016
Nocardiopsaceae,375,48,0,108,27,362,1002,310,285,90,80,944,23,38,44,22,539,65,2902,310,24,662,175,26,26,1020,164,42,11,608,1426
Thermomonosporaceae,367,66,0,155,35,213,633,331,231,78,53,820,18,26,51,31,329,124,4201,341,21,325,138,27,30,990,165,21,11,591,1429
Streptosporangiaceae,209,114,0,169,17,301,456,283,333,53,68,639,20,36,50,34,170,84,3742,170,14,158,167,25,39,682,200,29,0,416,2436
Geodermatophilaceae,284,45,0,34,0,146,544,140,161,41,39,393,0,11,17,16,208,64,1795,223,0,207,33,0,19,693,135,14,109,398,390
Jiangellaceae,256,17,0,28,0,51,139,57,18,13,18,226,0,0,0,0,188,31,1925,195,0,183,23,10,0,318,80,10,0,356,471
Candidatus Nanopelagicaceae,228,41,0,26,38,39,103,25,222,225,73,13,15,0,13,16,166,0,33,12,16,68,38,287,43,47,49,53,0,107,61
Catenulisporaceae,170,0,0,44,0,48,97,19,12,13,0,47,0,0,0,0,105,16,684,124,0,93,0,0,0,152,17,11,0,302,462
Nakamurellaceae,167,20,0,77,10,45,342,62,37,46,21,144,0,0,14,0,122,26,832,146,0,96,33,0,23,294,46,19,0,300,190
Frankiaceae,150,79,0,61,12,155,650,130,178,37,32,419,12,25,31,19,217,68,1995,181,15,252,71,0,65,301,107,23,12,360,636
Actinopolysporaceae,120,0,0,10,0,11,17,51,0,17,0,23,0,0,0,0,49,0,150,82,0,55,0,0,0,127,18,10,0,172,136
Glycomycetaceae,115,0,0,24,0,23,202,11,35,0,10,48,0,0,0,0,72,0,243,73,0,72,0,10,0,129,25,13,0,120,228
Sporichthyaceae,145,0,0,0,0,17,88,0,0,0,0,41,0,0,0,0,83,0,377,132,0,104,0,0,0,153,0,0,0,245,377
Kineosporiaceae,46,0,0,28,0,99,242,83,30,0,12,173,0,10,0,0,32,18,603,26,0,34,14,0,0,107,15,0,0,77,299
Jatrophihabitantaceae,19,0,0,29,0,33,85,0,0,11,0,17,0,0,10,0,14,0,498,11,0,10,0,10,0,27,10,0,0,46,226
Eggerthellaceae,632,3616,0,187,3823,374,2517,4107,10876,363,2620,3275,159,689,2992,580,1322,160,606,598,678,1077,10002,392,704,695,38121,1296,13,741,41098
Coriobacteriaceae,240,20664,0,596,11825,65,3798,5576,74135,731,29254,6217,2341,2760,135339,2217,4428,756,259,110,4830,3505,416224,4869,73,136,5883,30324,32,2799,1835
Atopobiaceae,82,4786,0,279,520,402,3258,1934,19720,329,5327,726,100,682,4823,160,1772,149,657,45,286,1098,10177,465,27,390,9237,670,12,294,751
Euzebyaceae,388,68,0,32,59,30,54,32,432,490,102,0,27,40,0,0,326,15,163,30,12,90,16,469,22,41,28,29,0,88,367
Egicoccaceae,14,0,0,0,0,0,29,0,17,0,0,18,0,0,12,0,0,0,88,14,0,0,10,0,0,29,0,0,0,14,85
Rubrobacteraceae,95,26,0,66,16,103,94,147,62,37,27,377,0,0,25,18,148,24,603,72,0,180,55,0,0,344,125,0,0,58,250
Baekduiaceae,71,22,0,0,0,0,32,25,49,0,0,34,0,0,0,0,14,17,481,0,0,0,11,0,0,29,41,0,0,360838,53
Conexibacteraceae,89,21,0,13,0,48,54,122,49,0,32,630,0,0,14,0,73,35,1115,135,0,82,41,0,0,361,59,0,0,180,194
Miltoncostaeaceae,17,14,0,44,0,33,107,21,87,0,13,141,0,0,25,0,28,22,514,16,0,23,38,0,0,182,44,0,0,30,93
Iamiaceae,101,27,0,83,17,44,285,36,100,10,29,105,0,0,22,13,112,45,1333,96,0,94,49,17,15,156,91,10,15,203,454
Mycoplasmataceae,3054,395,0,174,349,400,207,275,2392,2736,818,74,169,139,108,127,1816,77,377,72,189,687,532,2980,731,326,649,539,0,629,296
Spiroplasmataceae,806,270,0,99,209,191,84,143,1469,1919,413,34,73,100,60,58,1237,33,153,36,89,395,229,1532,238,87,343,304,0,312,117
Entomoplasmataceae,529,117,0,42,98,100,34,52,674,777,172,21,40,49,31,17,600,11,51,0,34,192,131,635,76,46,123,144,0,169,24
Acholeplasmataceae,1073,257,0,94,209,77,62,110,1466,1807,361,34,100,112,34,32,1321,26,105,18,77,410,217,1618,254,79,232,192,0,321,64
Metamycoplasmataceae,501,142,0,52,101,63,21,53,788,923,170,13,40,37,20,28,967,0,72,13,37,249,66,828,160,38,132,136,0,175,19
Mycoplasmoidaceae,310,26,0,0,15,96,0,0,117,131,37,0,14,0,0,14,151,0,46,0,0,84,42,151,35,32,50,72,0,86,37
Nostocaceae,487,159,0,89,141,286,136,140,780,1002,246,44,62,69,82,51,648,19,106,24,65,291,113,883,208,57,246,170,26,254,170
Calotrichaceae,209,53,0,39,49,79,38,42,288,270,102,12,16,18,29,28,165,11,62,22,41,75,61,556,95,32,114,83,0,116,76
Rivulariaceae,64,0,0,0,0,0,0,0,33,40,10,0,0,0,0,0,22,0,13,0,0,0,0,63,0,0,32,11,0,0,0
Hapalosiphonaceae,70,0,0,25,0,17,0,11,48,82,17,0,0,0,14,12,61,0,0,0,0,12,0,77,35,0,0,17,0,22,0
Aphanizomenonaceae,43,13,0,0,41,47,12,0,45,81,86,0,21,0,15,16,152,0,76,0,25,24,70,76,29,0,92,117,0,23,31
Tolypothrichaceae,18,0,0,48,12,0,33,0,0,0,0,0,0,0,0,0,16,25,0,0,0,0,0,0,0,0,15,0,0,0,19
Prochlorococcaceae,496,130,0,29,94,19,36,45,446,586,174,31,47,59,20,34,612,98,128,19,42,175,74,455,79,99,105,76,0,105,57
Synechococcaceae,135,67,0,153,60,355,447,232,237,263,139,94,31,24,60,49,786,21,317,62,58,647,134,172,78,172,628,71,0,151,336
Aphanothecaceae,106,62,0,66,81,43,37,18,338,403,75,0,31,28,20,18,300,32,16,0,19,126,48,320,97,19,79,69,0,74,29
Geminocystaceae,85,0,0,0,0,0,0,0,0,0,10,0,0,0,0,0,0,0,0,0,0,0,25,12,16,0,0,11,0,0,0
Chroococcaceae,77,27,0,18,23,34,41,39,144,81,56,0,0,12,0,16,119,0,28,0,29,90,29,95,37,14,232,38,0,39,30
Microcystaceae,51,0,0,0,0,0,0,16,28,54,20,0,0,0,0,0,48,0,0,0,0,25,0,42,0,0,132,18,0,0,0
Microcoleaceae,117,42,0,30,16,15,20,21,98,161,48,0,0,0,16,10,147,0,48,15,13,58,16,135,71,15,94,36,0,45,0
Oscillatoriaceae,46,22,0,0,19,0,30,20,72,92,60,0,0,0,12,0,147,0,0,0,13,108,33,94,17,12,87,19,0,15,27
Coleofasciculaceae,35,0,0,17,0,11,29,0,0,0,0,0,0,0,0,0,0,0,0,31,0,0,0,0,18,32,29,0,0,45,0
Leptolyngbyaceae,126,29,0,16,30,25,90,25,132,121,69,0,0,10,11,0,149,18,0,0,27,45,32,174,30,20,120,44,0,30,48
Pseudanabaenaceae,24,0,0,50,0,0,11,0,23,47,15,0,0,0,0,0,27,0,0,0,0,15,0,64,0,21,46,0,0,13,0
Thermostichaceae,205,36,0,0,24,0,0,0,196,258,54,0,12,0,0,0,155,0,0,0,0,68,16,239,14,0,0,0,0,16,0
Dermocarpellaceae,129,23,0,0,20,12,0,14,105,161,27,0,0,0,0,0,96,0,0,0,0,35,14,148,73,0,17,28,0,28,0
Chroococcidiopsidaceae,19,52,0,43,39,32,0,23,276,395,53,0,0,32,0,0,243,0,0,0,0,74,29,269,34,18,19,31,0,52,0
Deinococcaceae,428,77,0,155,49,145,644,239,327,118,107,284,22,30,70,43,641,1545,698,235,23,652,124,91,52,541,396,60,24,500,248
Thermaceae,84,14,0,30,22,168,100,169,116,138,106,184,10,0,31,10,491,13,197,85,0,386,50,19,22,110,217,17,183,128,181
Trueperaceae,241,0,0,0,0,156,0,41,0,0,0,0,0,0,0,0,82,0,146,10,0,123,21,0,0,17,11,0,0,0,13
Chloroflexaceae,62,10,0,0,0,15,10,0,0,28,0,0,0,0,0,0,64,0,0,52,0,66,0,0,0,34,46,0,0,83,0
Roseiflexaceae,10,0,0,48,0,65,66,63,64,0,0,13,0,0,0,0,22,0,0,0,0,22,12,0,0,0,52,0,0,19,25
Caldilineaceae,56,0,0,0,0,0,10,0,0,0,0,10,0,0,0,0,45,0,0,53,0,37,0,0,0,42,42,0,0,78,0
Ardenticatenaceae,14,0,0,0,0,0,0,10,36,25,13,0,0,0,0,0,61,0,31,0,0,38,0,0,0,17,44,0,0,37,0
Enterobacteriaceae,3876,86413,12,5026,12894,1648,93665,2346,33476,3441,10142,2446,198240,514,4113,486,5526,328,5759,3484,23679,27090,208906,39385,172560,2480,317683,17258,241,3452,1939
Erwiniaceae,2053,397,0,478,397,320,629,292,2114,2347,696,91,206,166,148,147,2087,72,321,304,294,868,361,1975,277,318,1419,375,29,729,374
Morganellaceae,1071,246,0,2621958,29380,1164,276,215,1217,1375,656,103,212,100,102,242,1339,47,258,2234634,1321,472,272,1933,221,256,1566,358,0,567,329
Yersiniaceae,788,168,0,527,152,299,616,203,790,493,400,410,107,54,111,85,1010,71,435,551,288,554,220,644,232,456,1957,197,16,422,294
Pectobacteriaceae,215,88,0,192,41,197,216,134,205,179,198,65,47,17,62,36,333,46,198,150,100,320,146,205,84,190,850,126,0,163,147
Hafniaceae,111,21,0,55,0,25,102,42,111,54,48,27,14,0,16,0,81,0,184,57,23,76,39,54,28,65,326,32,0,160,66
Bruguierivoracaceae,61,0,0,47,0,125,24,0,54,45,20,16,12,0,0,0,138,0,0,73,0,131,22,0,49,30,85,13,0,110,186
Budviciaceae,47,0,0,20,13,12,23,0,61,44,39,0,11,0,0,0,55,0,0,41,35,33,13,58,0,18,144,25,0,42,23
Pseudomonadaceae,2573,685,49,1052,449,3494,7416,2175,2948,1205,1341,3030,224,268,781,437,4095,1345,6347,6674,714,3657,1372,993,3337,4891,7063,504,343,3510,7472
Marinobacteraceae,32,11,0,15,17,130,196,22,24,494,59,23,0,12,45,16,202,28,102,29,30,185,63,353,22,36,872,49,0,42,118
Shewanellaceae,909,226,0,341,188,211,611,309,1193,1390,473,114,133,104,138,108,1348,62,198,161,271,737,313,1275,304,312,1587,260,0,560,326
Alteromonadaceae,495,92,0,140,70,256,157,147,423,494,263,45,48,36,50,95,481,14,60,37,130,296,155,449,96,65,634,117,0,181,92
Psychromonadaceae,334,90,0,25,59,13,0,25,413,457,103,0,29,18,0,0,317,0,18,0,23,119,32,352,0,27,17,52,0,95,15
Pseudoalteromonadaceae,181,62,0,59,48,95,120,99,322,244,264,32,77,30,47,85,448,27,104,35,254,421,253,451,103,50,916,151,0,171,131
Colwelliaceae,164,29,0,82,30,46,63,19,82,112,74,0,27,0,19,42,113,0,59,14,81,48,78,182,115,18,485,40,0,45,37
Ferrimonadaceae,46,12,0,26,0,0,45,13,11,0,18,0,0,0,0,0,49,0,0,58,0,47,18,0,0,50,20,0,0,68,0
Idiomarinaceae,19,0,0,40,12,0,43,0,15,47,19,0,0,0,0,0,12,0,0,13,0,11,17,17,12,0,188,15,0,0,0
Moritellaceae,16,0,0,0,0,11,13,34,14,0,29,0,13,0,0,23,12,0,11,0,67,0,19,30,36,0,46,10,0,0,32
Vibrionaceae,1913,364,0,450,356,617,690,440,1386,1806,910,254,283,133,187,238,1849,72,300,512,808,956,669,1852,272,326,2585,528,19,840,590
Pasteurellaceae,1824,431,0,382,310,410,5892,386,3165,2702,4908,234,2578,139,123,2120,1867,48,327,130,11641,912,537,10023,313,209,14713,512,105,725,298
Francisellaceae,1104,214,0,74,131,161,60,103,914,1365,267,16,64,60,44,49,795,17,124,100,66,291,144,1051,79,70,240,215,0,235,65
Piscirickettsiaceae,322,45,0,17,40,81,59,89,270,301,130,11,23,15,11,23,255,0,94,33,45,188,47,261,49,24,842,64,0,48,60
Thiotrichaceae,48,24,0,13,19,223,154,20,128,138,42,11,11,13,0,13,140,0,0,28,0,48,29,132,12,21,487,21,0,71,63
Legionellaceae,1007,202,0,88,159,111,76,152,1232,1239,291,26,64,61,42,56,965,31,157,24,79,330,127,1146,158,72,816,183,0,258,102
Coxiellaceae,133,19,0,11,17,89,13,70,91,103,80,0,15,0,0,27,222,0,0,0,102,805,44,156,0,0,611,13,0,19,57
Xanthomonadaceae,889,350,14,437,143,1122,2815,1053,1211,201,400,1786,69,123,286,101,1629,646,3937,667,125,1713,535,96,257,1874,2032,152,216,1193,2444
Rhodanobacteraceae,194,63,0,156,38,714,834,283,181,50,114,328,21,33,62,31,699,124,1231,295,46,844,148,28,57,297,537,38,13,338,760
Halomonadaceae,483,172,0,273,123,1833,875,268,702,557,280,354,44,74,117,66,1101,163,1101,328,89,845,203,483,240,693,1836,143,19,811,760
Oceanospirillaceae,287,88,0,116,82,156,372,75,439,452,177,33,43,38,49,39,503,48,102,52,64,210,99,470,67,104,642,121,0,165,75
Alcanivoracaceae,48,22,0,0,0,0,85,0,56,50,30,0,0,0,17,0,37,10,104,0,0,25,13,36,16,18,140,0,0,24,39
Oleiphilaceae,37,10,0,42,0,0,31,0,40,43,14,0,0,0,0,0,26,0,0,0,0,0,0,51,10,0,16,0,0,0,0
Zooshikellaceae,15,0,0,0,0,14,0,0,18,27,0,0,0,0,0,0,19,0,0,0,0,16,13,27,0,0,52,0,0,0,0
Moraxellaceae,873,459,58,241,438,478,626,416,4464,3002,913,106,228,175,218,238,2692,346,377,150,464,969,470,2659,393,444,4742,662,279,715,435
Chromatiaceae,318,55,0,38,52,247,206,110,330,357,109,250,39,31,57,13,411,48,263,41,48,260,75,213,94,398,387,58,0,120,244
Ectothiorhodospiraceae,105,50,0,105,36,194,874,124,219,74,77,87,10,0,59,14,259,36,664,88,23,249,47,65,51,195,481,28,0,123,317
Wenzhouxiangellaceae,54,0,0,0,0,0,68,20,18,0,0,0,0,0,0,0,21,0,28,0,0,28,12,0,0,57,63,0,0,0,26
Thioalkalibacteraceae,31,0,0,0,0,0,0,55,0,10,0,27,0,0,0,0,129,0,102,0,0,271,17,0,0,26,109,0,0,37,0
Thioalkalispiraceae,27,0,0,0,0,0,50,0,10,0,0,0,0,0,0,0,30,0,108,26,0,35,0,0,0,24,15,0,0,63,0
Aeromonadaceae,608,92,0,404,79,758,1301,508,448,289,272,410,39,35,119,87,866,67,955,205,88,621,156,137,697,556,1274,93,24,679,940
Microbulbiferaceae,137,20,0,61,23,98,207,156,44,34,55,27,19,0,26,14,232,0,185,129,14,218,40,154,16,119,332,43,0,168,130
Spongiibacteraceae,129,0,0,0,0,41,27,61,0,11,15,0,0,0,0,0,21,0,0,0,0,12,12,0,19,0,290,10,0,0,47
Cellvibrionaceae,56,11,0,20,11,120,334,14,25,75,42,11,18,14,26,19,42,13,24,28,19,39,22,98,46,51,1117,47,0,58,34
Halieaceae,10,14,0,52,0,182,63,83,25,26,10,30,0,0,49,0,187,0,0,10,0,195,24,0,0,26,51,0,0,20,21
Orbaceae,647,55,0,21,32,71,40,66,490,242,141,0,70,12,12,45,143,0,82,53,134,66,41,255,0,39,282,51,0,49,58
Methylococcaceae,184,122,0,105,84,145,239,213,189,232,108,40,21,44,92,39,204,51,420,43,27,132,111,170,94,179,1316,47,0,139,173
Cardiobacteriaceae,123,0,0,15,11,0,51,11,18,0,39,0,0,0,0,0,0,0,38,0,0,11,0,0,13,0,331,0,0,0,15
Sinobacteraceae,59,0,0,0,0,134,41,94,0,0,0,37,0,0,10,0,61,11,48,76,0,68,37,0,0,35,87,0,0,65,80
Steroidobacteraceae,25,0,0,18,0,18,29,0,0,0,13,0,0,0,0,0,74,0,0,28,0,14,0,0,0,15,95,0,0,42,152
Acidiferrobacteraceae,37,0,0,0,0,136,32,56,16,0,22,30,11,0,20,0,100,0,50,39,0,93,18,0,14,35,245,0,0,50,196
Arcobacteraceae,3590,1057,0,348,742,443,178,480,5254,6598,1283,121,294,310,203,185,4670,77,498,91,285,1552,640,5349,573,363,792,948,0,1243,317
Campylobacteraceae,3330,1013,0,425,958,704,68887,600,5384,7151,1788,400,5312,770,48569,960,5234,1605,852,132,18280,2536,61073,102174,1430,335,17954,99405,30,1813,4965
Thiovulaceae,805,193,0,106,150,165,53,128,1089,1205,297,45,51,63,62,36,874,21,101,18,60,351,126,1078,90,108,208,193,0,297,126
Sulfurospirillaceae,541,77,0,35,70,83,20,86,439,580,98,0,28,42,31,10,568,17,28,14,23,251,60,486,25,21,110,79,0,88,41
Helicobacteraceae,450,112,0,100,127,300,96,500,540,5344,185,45,13158,22336,113792,14137,717,44930,633,183,51575,419,6277,630,179,91,3284,361093,13,912,347
Sulfurovaceae,16,12,0,67,12,29,195,0,12,20,38,0,0,0,12,0,120,0,0,0,11,100,19,35,54,0,49,44,0,10,16
Nitratiruptoraceae,424,125,0,32,113,36,16,35,753,916,156,10,55,33,39,0,624,0,19,12,31,191,52,662,33,14,60,72,0,104,10
Nautiliaceae,287,73,0,22,72,16,0,39,628,603,159,0,21,40,22,11,455,0,18,0,20,152,50,502,74,15,38,67,0,89,0
Archangiaceae,184,43,0,96,23,109,386,80,134,59,59,127,0,23,49,20,258,48,876,172,12,244,69,0,21,222,135,22,0,405,492
Myxococcaceae,142,61,0,180,42,124,399,163,203,38,79,134,0,11,35,27,177,85,1082,128,27,152,83,0,29,264,323,29,0,217,518
Anaeromyxobacteraceae,14,52,0,131,35,363,212,314,192,57,38,252,26,25,32,28,458,46,756,0,31,470,79,24,43,396,199,24,0,55,553
Polyangiaceae,130,67,0,52,16,95,160,134,236,37,66,365,14,15,51,17,138,90,1695,99,25,181,72,29,44,294,255,34,0,216,510
Sandaracinaceae,74,14,0,0,0,140,36,164,19,13,30,146,0,0,16,0,124,24,508,0,11,202,100,0,16,215,55,10,0,96,108
Kofleriaceae,12,0,0,0,0,84,0,28,33,20,0,57,0,0,0,0,38,17,256,13,0,27,16,0,0,125,41,0,0,16,0
Geobacteraceae,262,97,0,280,71,819,601,441,251,169,169,95,26,37,106,39,1174,45,346,215,57,1246,166,57,132,212,588,72,0,338,428
Desulfuromonadaceae,33,21,0,162,36,267,299,84,105,34,61,18,0,13,26,24,103,12,51,21,0,90,54,19,54,33,218,10,0,48,73
Syntrophotaleaceae,25,0,0,0,0,63,19,14,0,0,23,11,0,0,11,0,31,0,0,0,0,24,0,15,0,13,156,0,0,23,0
Desulfovibrionaceae,226,60,0,239,183,543,4487,571,912,315,1658,150,713,37,227,1818,980,54,614,114,4616,986,163,93,6077,242,4923,133,10,272,685
Desulfohalobiaceae,17,12,0,0,0,16,0,16,41,45,0,0,0,0,0,0,76,0,0,0,0,55,0,37,10,0,32,0,0,14,0
Desulfobulbaceae,100,31,0,30,26,11,63,23,134,146,60,0,10,0,0,22,163,0,51,0,0,95,25,100,93,0,645,25,0,24,147
Desulfobacteraceae,86,70,0,198,82,274,317,141,341,399,205,87,29,18,61,42,569,12,36,0,37,323,84,303,224,76,508,97,0,100,246
Desulfocapsaceae,25,0,0,0,0,40,23,83,16,73,34,12,0,0,12,0,117,0,15,0,0,25,0,16,25,0,134,16,0,0,45
Desulfarculaceae,95,0,0,0,0,0,0,0,0,12,0,38,0,0,0,0,45,0,122,22,0,26,0,0,0,54,49,0,0,29,0
Candidatus Desulfofervidaceae,67,16,0,0,13,13,0,0,67,124,13,0,0,0,0,0,71,0,0,0,0,34,0,85,20,0,0,22,0,0,0
Syntrophaceae,50,0,0,64,12,0,24,13,38,71,21,0,0,0,11,0,68,0,0,0,0,30,0,46,23,0,72,21,0,0,15
Syntrophobacteraceae,21,0,0,10,12,103,16,0,17,0,19,12,0,0,12,0,38,14,60,17,0,27,18,0,12,19,106,0,0,24,35
Rhizobiaceae,1160,292,27,1086,294,1345,2640,879,813,544,663,987,100,98,421,163,2248,2068,2826,840,140,2156,567,605,314,1497,2076,345,91,1466,3120
Nitrobacteraceae,848,304,60,378,160,598,1487,752,1078,243,705,791,46,77,279,84,854,2102,2601,349,276,943,417,231,206,851,1155,155,479,879,1536
Phyllobacteriaceae,563,190,0,165,106,540,1093,493,548,128,270,551,31,56,242,62,707,726,1910,250,80,642,245,134,185,545,1174,105,40,519,1279
Methylobacteriaceae,382,149,276,161,74,551,673,479,553,343,160,644,67,41,88,43,778,42648,2296,252,71,736,247,307,117,576,527,52,179,591,1135
Hyphomicrobiaceae,123,31,0,32,26,96,255,67,107,151,102,235,12,16,35,14,231,189,582,73,17,159,44,65,31,128,120,34,13,66,311
Bartonellaceae,115,30,0,92,29,112,56,53,183,180,87,24,16,10,26,35,127,0,119,0,26,105,72,258,27,26,275,72,0,64,54
Methylocystaceae,113,16,0,93,14,90,219,49,75,10,30,64,0,10,12,12,196,122,318,92,11,101,25,20,20,129,181,11,0,148,214
Devosiaceae,100,43,0,50,32,138,295,56,138,75,81,64,12,17,40,18,132,151,215,82,21,129,50,46,81,215,180,31,16,196,476
Brucellaceae,180,30,0,25,15,38,87,22,188,111,72,17,0,14,32,0,345,58,56,51,22,355,30,135,19,73,198,32,0,127,112
Xanthobacteraceae,65,64,0,67,0,82,432,110,156,87,60,106,11,14,46,18,189,544,698,55,0,220,52,18,84,276,252,29,16,102,349
Aurantimonadaceae,58,54,0,78,28,566,331,366,76,53,58,273,14,18,34,24,497,270,382,89,10,756,114,38,22,154,369,27,13,111,351
Pleomorphomonadaceae,42,0,0,0,0,0,27,0,32,0,0,0,0,0,0,0,13,21,0,65,0,27,0,0,0,29,0,0,0,50,13
Boseaceae,38,20,0,21,11,50,211,83,75,18,35,78,0,0,14,0,39,488,692,33,10,59,34,24,20,191,105,0,18,62,223
Phreatobacteraceae,38,0,0,0,0,0,267,14,22,16,29,49,0,0,16,0,78,131,280,48,0,42,43,0,0,54,93,0,0,141,18
Stappiaceae,53,27,0,48,19,32,526,42,104,71,88,56,0,0,45,14,103,125,249,0,24,52,43,30,82,33,305,34,0,30,102
Parvibaculaceae,36,0,0,51,14,0,22,0,37,0,18,0,0,0,12,0,19,47,144,31,0,29,24,0,0,44,63,11,0,47,14
Breoghaniaceae,26,0,0,0,0,0,0,0,0,0,0,10,0,0,0,0,0,23,69,0,0,0,0,0,0,22,142,0,0,0,22
Amorphaceae,20,0,0,0,0,0,0,16,32,0,0,22,0,0,0,0,44,28,94,72,0,54,0,0,0,55,17,0,0,77,10
Beijerinckiaceae,18,0,0,76,13,128,91,105,0,11,21,13,0,0,0,0,140,78,71,19,0,156,21,0,0,29,53,10,0,51,291
Chelatococcaceae,13,0,0,49,0,0,46,30,22,0,32,50,0,0,0,0,0,114,189,14,0,0,22,0,22,28,34,0,0,14,62
Blastochloridaceae,11,0,0,0,0,0,100,24,0,0,0,0,0,0,0,0,10,67,60,0,0,10,0,0,0,22,24,0,0,26,164
Anaplasmataceae,938,106,0,51,70,121,51,78,456,528,134,25,44,28,21,30,409,14,72,75,54,185,90,521,110,70,264,106,0,187,73
Rickettsiaceae,363,71,0,35,80,78,28,40,422,481,116,15,24,42,20,36,330,0,56,12,25,107,67,567,29,26,186,73,0,82,46
Sphingomonadaceae,863,344,103,656,233,1385,2479,982,1114,361,583,1365,109,108,358,146,2007,34301,5308,514,163,2129,568,224,417,1700,1933,196,304,1317,2617
Erythrobacteraceae,117,66,10,145,50,386,326,302,330,108,111,104,16,31,60,35,503,883,765,80,61,597,85,64,143,192,629,45,25,219,831
Sphingosinicellaceae,12,23,0,31,13,69,46,53,106,11,16,23,0,0,0,0,17,275,364,0,0,19,27,0,0,27,61,0,0,17,241
Rhodobacteraceae,452,219,12,284,134,695,1634,630,809,399,360,914,48,80,217,82,890,719,2491,238,59,782,316,261,206,942,1087,126,161,546,1196
Roseobacteraceae,238,171,0,303,100,628,1355,529,576,144,250,701,38,42,194,61,727,326,1306,197,77,720,345,152,235,469,1421,125,27,431,1264
Pelagibacteraceae,592,79,0,26,47,75,30,51,347,522,138,10,0,23,12,36,333,0,79,0,23,118,47,442,41,38,131,76,0,104,72
Acetobacteraceae,278,143,0,221,83,276,823,235,352,440,256,220,46,41,135,62,667,957,1043,276,67,658,220,193,222,605,764,104,168,482,934
Azospirillaceae,102,97,0,102,45,309,400,482,276,73,129,836,31,30,81,20,463,447,1179,76,41,467,188,32,107,636,552,44,70,252,866
Rhodospirillaceae,98,64,0,61,30,138,181,229,306,42,85,197,16,18,45,11,263,193,448,155,20,273,69,27,63,284,242,36,0,144,585
Thalassobaculaceae,59,0,0,16,0,0,26,0,11,0,0,11,0,0,0,0,39,0,0,48,0,46,0,0,0,56,46,0,0,92,90
Caulobacteraceae,255,128,37,276,75,282,778,489,306,81,146,535,17,44,98,35,611,817,1610,182,44,648,205,65,100,602,630,73,75,416,488
Holosporaceae,47,10,0,0,0,0,0,0,81,43,10,0,0,0,0,0,31,0,0,0,0,13,0,79,0,10,23,16,0,15,12
Candidatus Paracaedibacteraceae,31,14,0,16,0,16,0,15,34,39,10,0,0,0,0,0,33,0,0,0,0,26,20,38,0,0,0,18,0,30,12
Sneathiellaceae,21,0,0,0,0,10,0,0,0,0,0,0,0,0,0,0,0,0,0,14,0,0,0,0,0,14,37,0,0,36,0
Burkholderiaceae,1479,649,0,995,411,1618,4068,1516,2201,953,1036,2879,153,226,798,264,2547,1211,7882,750,224,2109,1292,827,638,2319,5284,531,103,1760,4742
Comamonadaceae,1117,431,89,491,292,1456,2966,1643,1807,782,976,2208,112,176,717,186,2137,2562,5098,687,186,1470,1152,551,382,2073,4909,384,248,1515,3031
Alcaligenaceae,827,255,0,234,155,1609,1634,793,1010,569,444,1028,70,104,466,70,1342,457,3130,390,93,1054,404,408,413,1225,2820,171,67,953,2342
Oxalobacteraceae,576,288,0,268,171,378,1499,479,837,272,496,1051,47,99,283,83,1020,638,3131,337,67,963,551,197,277,1279,3491,196,102,764,1229
Sutterellaceae,36,17,0,163,398,46,381,30,41,42,1437,316,28,25,1825,101,47,18,128,19,75,117,2472,200,231,60,245,584,0,172,113
Neisseriaceae,585,130,0,289,159,153,787,281,608,849,329,215,81,453,96,71,935,124,404,289,119,639,186,553,210,356,379041,167,336,380,227
Chromobacteriaceae,441,66,0,121,80,213,642,129,315,470,211,183,27,42,97,42,419,90,314,140,49,320,188,312,124,255,4085,69,0,271,329
Casimicrobiaceae,46,0,0,0,0,0,87,0,49,0,0,0,0,0,0,0,0,0,0,0,0,0,0,0,0,0,274,0,0,0,0
Methylophilaceae,182,15,0,23,14,120,42,44,45,56,60,0,13,0,26,17,146,0,113,0,19,147,50,77,36,20,1018,67,0,30,32
Sterolibacteriaceae,225,0,0,0,0,25,58,0,65,0,45,46,0,0,28,0,113,21,125,166,0,157,50,0,18,166,273,0,0,276,162
Gallionellaceae,22,10,0,38,13,28,79,16,27,23,29,21,0,0,21,0,22,0,24,0,0,21,26,14,32,12,701,10,0,0,10
Nitrosomonadaceae,23,0,0,0,10,17,37,0,34,88,35,0,0,0,15,13,158,0,27,0,14,111,21,40,40,10,671,24,0,24,47
Sulfuricellaceae,14,17,0,0,0,0,31,25,22,0,40,16,0,0,16,0,18,0,84,0,0,11,19,0,37,15,562,21,0,0,49
Zoogloeaceae,280,74,0,42,49,165,246,205,214,59,153,250,0,31,118,34,512,109,925,159,24,523,142,37,75,304,617,73,0,444,311
Azonexaceae,30,15,0,75,21,37,146,116,71,13,97,29,0,0,19,0,115,17,209,28,0,199,39,0,61,31,270,15,0,48,21
Rhodocyclaceae,24,49,0,32,22,29,115,67,214,40,66,79,0,10,50,13,213,50,575,23,18,197,82,0,38,101,663,26,0,31,57
Silvanigrellaceae,280,0,0,0,0,10,0,0,283,61,38,0,0,0,0,0,63,0,10,13,0,33,22,42,17,0,58,26,0,11,14
Bdellovibrionaceae,216,49,0,14,36,14,17,20,266,355,89,0,13,19,0,0,200,0,12,0,18,66,32,301,13,0,84,53,0,59,31
Halobacteriovoraceae,157,49,0,12,31,39,11,24,240,260,63,0,12,14,13,0,193,0,37,0,13,34,30,255,168,0,0,50,0,48,23
Bacteriovoracaceae,35,14,0,12,0,21,19,14,49,50,17,0,0,0,28,0,41,0,14,0,0,23,12,87,0,11,58,25,0,35,0
Acidithiobacillaceae,97,0,0,37,12,22,65,0,15,19,16,0,0,0,16,0,35,0,14,0,0,18,0,0,0,19,71,0,0,16,99
Mariprofundaceae,13,0,0,0,0,0,19,0,0,0,0,0,0,0,0,0,0,0,0,0,0,16,0,10,0,0,23,0,0,0,0
Fusobacteriaceae,17460,4739,0,1457,3270,1841,3605,2379,27543,17472,5570,608,1431,3044,901,6922,12094,594,1338,312,3374,4343,6231,19052,2396,814,39398,35558,54,4614,2378
Leptotrichiaceae,5795,1362,0,409,1210,456,783,902,8586,8892,2428,122,413,433,158,207,8275,88,345,133,470,2515,907,7909,808,447,1469,1625,88,1482,538
Flavobacteriaceae,9026,2357,0,1815,1863,3681,3005,2415,10831,14324,4813,523,858,786,534,1210,11551,479,1381,387,978,6685,2090,12596,2138,904,8054,2554,256,2930,1971
Weeksellaceae,4465,787,11,3211,925,1654,1466,2147,4519,4551,2016,194,307,269,208,833,4695,191,477,227,396,2555,717,4077,764,232,3745,1089,82,1115,1183
Blattabacteriaceae,725,300,0,150,223,187,83,256,1659,2089,461,54,107,101,38,56,1557,19,126,42,92,816,190,1778,205,100,378,229,0,383,105
Crocinitomicaceae,116,0,0,0,24,32,47,21,56,56,23,0,0,0,0,0,46,0,0,0,0,68,14,72,0,0,64,38,0,13,19
Bacteroidaceae,1266,20142,0,5387,19514,135110,185048,2554,58465,10673,223976,47145,44642,36959,88292,73857,5570,9503,4765,665600,288687,15126,211691,163703,350849,159557,257957,173534,809,923665,1866367
Prevotellaceae,944,765,0,5722,23835,7548,7454,4457,702,864,5389,363,450,169,281,1862,8292,66,213,449,920,11839,894,2260,743,342,12765,553,98,1836,3304
Odoribacteraceae,302,57,0,379,21062,327,819,122,423,241,14822,89,81,104,84,2215,377,17,230,472,620,287,198,283,1018,56,2121,97,13,382,1679
Paludibacteraceae,150,0,0,0,0,10,39,0,18,0,83,0,0,0,0,0,0,0,0,0,0,0,0,29,0,0,351,0,0,0,13
Tannerellaceae,121,2130,0,2587,11870,31076,47333,1757,6574,227,15195,6252,1184,2106,6346,3971,4261,794,319,1587,3760,7072,1462,2321,86548,307,18099,7659,107,44021,64585
Dysgonomonadaceae,60,53,0,555,129,640,551,343,199,151,345,28,44,22,23,73,819,0,14,19,41,960,83,157,35,18,1681,48,0,36,235
Muribaculaceae,22,71,0,1115,179,1757,1032,766,59,63,310,283,63,36,30,128,1775,14,30,36,105,2211,242,86,100,49,1220,39,0,102,768
Rikenellaceae,18,147,0,2366,2567,4583,14333,2938,2333,135,13833,11901,963,768,131,982,6009,175,287,1377,2581,7317,792,327,6904,331,6629,78,19,784,4481
Marinilabiliaceae,398,83,0,89,90,142,95,62,492,639,182,0,32,37,13,32,511,0,23,0,33,223,43,407,49,15,175,31,0,91,33
Prolixibacteraceae,81,35,0,27,21,36,97,23,144,110,123,15,11,0,12,28,90,0,13,0,30,60,42,192,88,16,405,53,0,59,25
Marinifilaceae,24,22,0,0,22,0,11,0,59,62,54,0,0,0,0,0,46,0,15,0,15,28,0,90,0,0,40,14,0,0,0
Cyclobacteriaceae,342,61,0,258,88,710,432,239,133,246,200,32,39,21,37,59,519,0,63,16,69,496,152,191,117,26,653,114,0,56,194
Hymenobacteraceae,312,183,0,1639,331,1345,2559,842,732,782,478,404,82,85,92,208,1960,922,504,229,108,1974,278,478,173,391,1189,106,77,364,875
Flammeovirgaceae,253,40,0,16,30,86,51,38,168,185,105,0,14,0,11,39,146,0,50,13,17,62,27,257,21,29,303,79,0,109,40
Cytophagaceae,219,65,0,261,53,325,682,193,88,132,213,79,20,20,42,60,464,207,35,21,57,531,97,163,75,43,602,79,13,82,135
Spirosomaceae,198,55,0,376,78,351,416,421,91,154,181,61,26,12,28,74,563,23,80,57,40,549,46,208,73,96,706,70,0,155,134
Fulvivirgaceae,193,13,0,161,31,206,173,120,348,35,80,23,28,0,16,52,334,0,11,32,17,192,46,130,0,30,200,38,0,32,120
Marivirgaceae,59,43,0,121,47,0,0,122,231,304,84,0,32,12,0,0,449,0,16,0,27,415,29,310,16,18,0,43,0,53,42
Bernardetiaceae,16,15,0,0,20,15,11,10,66,64,27,0,0,0,0,0,40,0,12,0,0,18,0,142,0,0,53,0,0,12,0
Sphingobacteriaceae,761,317,0,429,325,1151,999,530,1021,1279,1072,128,150,82,138,227,1978,46,124,63,239,1443,392,1316,318,115,2622,427,29,389,292
Chitinophagaceae,481,175,0,441,189,671,609,583,626,805,485,319,56,51,80,103,1394,24,83,51,92,1216,224,731,131,76,1433,187,0,232,257
Chlorobiaceae,62,37,0,119,33,150,151,88,81,19,52,16,0,13,12,18,324,0,47,47,23,421,62,25,32,34,356,25,0,76,233
Ignavibacteriaceae,38,26,0,10,30,10,0,11,155,186,39,0,0,0,0,0,152,0,0,0,0,32,12,157,0,0,32,20,0,30,14
Gemmatimonadaceae,16,19,0,126,19,65,185,36,76,27,17,60,0,0,0,14,85,20,273,0,0,118,0,15,20,73,60,12,0,32,166
Treponemataceae,2096,389,0,464,426,385,761,399,1868,2817,950,97,177,102,180,161,2407,25,157,90,231,1026,373,1940,269,191,3682,659,27,573,556
Borreliaceae,779,99,0,126,62,126,86,69,475,502,160,29,43,35,12,33,371,0,82,25,41,180,104,572,47,58,190,135,0,181,96
Sphaerochaetaceae,51,18,0,25,0,15,48,24,142,49,35,0,0,0,29,11,96,0,50,0,0,52,26,122,0,0,43,43,0,25,21
Spirochaetaceae,43,16,0,181,29,52,181,46,74,85,53,17,15,11,0,27,313,0,64,0,17,276,57,87,21,14,120,57,0,38,41
Brachyspiraceae,1231,307,0,93,288,154,49,166,1745,2213,383,36,93,113,51,59,1472,15,104,33,77,437,238,1793,154,85,422,303,0,380,83
Leptospiraceae,96,58,0,38,51,112,66,63,272,248,119,15,21,25,23,27,426,13,36,0,50,321,58,323,58,21,134,91,0,69,82
Petrotogaceae,1581,281,0,69,241,97,35,116,1518,1908,450,28,87,104,10,31,1359,13,86,40,70,414,110,1540,132,64,97,161,0,287,38
Fervidobacteriaceae,1127,246,0,107,230,72,36,110,1292,1905,336,15,78,106,31,28,1242,24,116,38,61,351,136,1552,118,51,85,210,0,269,65
Thermotogaceae,15,33,0,17,40,62,18,51,204,279,67,0,13,11,10,0,231,0,23,0,20,106,25,252,35,0,104,71,0,70,57
Mesoaciditogaceae,500,46,0,17,49,0,0,40,273,363,68,0,16,32,0,0,259,0,10,0,0,74,29,253,0,11,0,41,0,42,0
Kosmotogaceae,424,107,0,41,101,52,24,24,626,778,149,0,37,37,0,0,590,0,20,18,25,219,61,534,30,18,75,58,0,97,17
Hydrogenothermaceae,747,76,0,23,72,17,0,47,538,550,111,0,25,37,0,0,425,0,29,16,13,122,37,511,44,16,33,51,0,108,0
Aquificaceae,17,48,0,17,43,54,42,61,243,273,48,15,18,19,0,18,228,0,17,0,12,69,21,204,54,15,61,46,0,62,33
Desulfurobacteriaceae,72,15,0,0,21,20,0,0,113,114,50,0,0,0,0,0,99,0,0,0,10,35,15,95,29,0,17,18,0,14,0
Planctomycetaceae,145,37,0,228,58,333,342,175,84,145,92,89,17,20,49,33,424,45,210,69,36,416,135,85,41,83,404,66,0,164,169
Pirellulaceae,58,39,0,136,43,98,459,40,61,36,58,44,21,0,33,26,272,17,36,30,23,318,38,17,29,43,193,27,0,49,102
Gemmataceae,59,23,0,67,30,57,162,149,44,0,35,248,0,0,29,14,54,64,409,45,0,64,20,15,17,115,119,11,0,63,92
Isosphaeraceae,50,36,0,145,19,86,150,107,85,34,26,114,13,16,26,16,253,29,264,45,13,309,38,0,20,125,80,13,0,131,300
Sedimentisphaeraceae,22,43,0,14,31,0,29,25,197,218,55,0,11,11,0,0,144,0,0,0,0,48,22,201,0,0,43,40,0,38,0
Candidatus Uabimicrobiaceae,18,0,0,0,0,0,0,12,27,24,16,0,0,0,0,0,35,0,0,0,0,19,0,45,0,0,19,13,0,14,11
Parachlamydiaceae,130,20,0,45,28,0,29,10,169,172,42,0,0,0,0,0,113,0,0,0,0,42,13,206,0,0,21,32,0,16,0
Simkaniaceae,13,0,0,0,0,45,0,18,17,14,0,0,0,0,0,0,51,0,0,0,0,57,0,16,0,0,27,0,0,18,23
Chlamydiaceae,11,24,0,17,17,111,27,34,57,87,33,0,0,0,0,0,59,28,22,0,13,20,21,113,11,0,58,23,0,13,53
Verrucomicrobiaceae,42,10,0,231,27,382,250,98,32,19,34,29,12,0,24,22,307,0,139,0,28,389,45,22,11,41,103,11,0,66,120
Akkermansiaceae,38,58,0,34,49,32,177,48,23,291,95,17,12,24,16,13,358,0,10,0,27,173,42,30,30,59,271,79,0,108,275
Opitutaceae,47,10,0,48,10,89,156,84,70,0,22,63,0,0,13,13,125,18,187,26,13,153,34,15,45,70,204,20,0,78,163
Tichowtungiaceae,25,0,0,0,0,0,0,18,11,0,0,0,0,0,0,0,43,0,0,14,0,56,0,0,0,0,0,0,0,11,0
Flexistipitaceae,249,44,0,10,27,0,0,16,201,274,46,0,0,14,0,0,175,0,0,0,0,37,14,213,0,0,30,42,0,47,0
Mucispirillaceae,104,17,0,19,0,30,16,15,62,61,18,0,0,0,0,0,72,0,28,0,0,38,12,77,0,0,27,24,0,51,31
Deferribacteraceae,97,13,0,16,10,38,0,15,104,131,41,0,0,0,0,0,67,0,16,0,0,37,16,175,0,0,32,12,0,0,0
Calditerrivibrionaceae,41,45,0,0,35,0,0,11,0,302,65,0,0,14,0,0,189,0,34,0,0,52,13,268,0,12,0,0,0,0,0
Geovibrionaceae,13,0,0,0,0,36,0,54,29,21,19,0,0,0,0,0,92,0,0,0,0,104,11,33,16,0,37,16,0,0,25
Dictyoglomaceae,320,27,0,12,32,54,0,15,137,218,56,0,18,10,0,0,163,0,24,0,29,43,34,195,43,0,88,39,0,31,0
Thermodesulfobacteriaceae,314,84,0,62,63,75,43,49,509,544,84,14,23,13,20,28,421,0,51,15,32,150,44,308,74,42,120,96,0,172,125
Dissulfurispiraceae,114,0,0,0,0,21,0,0,0,0,18,0,0,0,0,0,13,0,10,0,0,24,0,20,39,0,12,0,0,0,0
Thermodesulfovibrionaceae,30,24,0,15,23,17,0,0,164,169,28,0,0,14,0,0,97,0,0,0,0,35,18,146,14,0,77,29,0,14,0
Synergistaceae,138,88,0,203,97,310,217,140,521,570,181,39,36,35,47,31,719,10,245,19,32,496,89,421,75,46,10233,71,0,89,195
Acidobacteriaceae,68,21,0,93,31,479,159,200,100,80,68,42,13,0,21,16,356,16,292,55,23,324,37,48,33,77,177,19,99,118,225
Bryobacteraceae,24,0,0,0,0,16,14,13,0,10,0,18,0,0,0,0,83,0,0,16,0,56,0,0,0,51,16,0,0,37,43
Acanthopleuribacteraceae,18,0,0,0,0,0,0,0,20,0,10,0,0,0,0,0,0,0,64,17,0,0,0,10,0,11,12,0,0,0,0
Candidatus Babeliaceae,24,0,0,0,0,0,0,0,20,27,0,0,0,0,0,0,25,0,0,0,0,0,0,53,0,0,0,0,0,0,0
Candidatus Chromulinivoraceae,14,0,0,0,0,0,0,0,0,0,0,0,0,0,0,0,0,0,0,0,0,0,0,0,0,0,0,0,0,0,0
Candidatus Absconditicoccaceae,37,52,0,18,30,13,0,21,253,325,37,0,19,21,0,0,248,0,0,0,0,72,24,216,20,0,11,38,0,62,15
Candidatus Nanosynbacteraceae,16,0,0,0,0,0,0,0,30,0,0,0,0,0,0,0,13,0,0,0,0,0,0,0,0,0,80,0,0,0,14
Elusimicrobiaceae,52,33,0,11,22,0,0,11,129,177,30,0,0,11,0,0,117,0,0,0,0,37,0,105,0,0,79,11,0,24,0
Endomicrobiaceae,26,0,0,0,12,22,0,0,35,22,21,0,0,0,0,0,21,0,0,0,0,12,14,52,58,0,50,19,0,11,14
Atribacteraceae,21,0,0,0,14,14,0,0,90,31,15,0,0,0,0,0,27,0,0,0,0,12,10,69,35,0,0,0,0,25,19
Haloarculaceae,381,38,0,130,30,119,303,101,149,30,49,378,15,18,31,21,268,61,1242,334,18,257,88,18,40,646,231,29,11,561,490
Halobacteriaceae,94,40,0,107,27,48,176,236,126,96,50,574,10,19,25,20,164,48,1242,68,12,123,76,53,47,608,157,21,0,204,371
Halorubraceae,126,34,0,31,0,206,185,175,164,123,48,216,0,13,26,15,333,47,871,126,12,396,53,40,0,322,131,21,0,313,295
Haloferacaceae,95,22,0,59,20,29,128,35,85,20,20,100,0,0,26,13,67,27,1024,45,0,60,36,18,22,142,72,21,0,108,223
Natrialbaceae,154,49,0,128,22,270,364,355,238,73,67,821,26,16,65,20,387,64,1491,182,25,436,137,35,42,849,215,32,0,238,717
Methanosarcinaceae,361,82,0,58,81,66,46,58,604,444,167,26,31,29,28,32,355,12,80,22,48,200,67,494,82,29,129,133,0,88,91
Methanotrichaceae,107,0,0,0,0,0,0,0,0,0,12,0,0,0,0,0,0,0,0,0,0,0,0,0,0,0,11,0,0,0,0
Methanomicrobiaceae,45,0,0,0,0,49,20,0,29,28,20,15,0,0,0,0,60,137,43,0,0,51,20,53,0,20,39,27,0,46,73
Methanospirillaceae,14,0,0,0,0,0,0,0,11,0,0,0,0,0,0,0,17,0,0,0,0,11,0,23,0,0,0,0,0,0,10
Methanocellaceae,21,0,0,48,28,0,30,0,0,0,0,0,0,0,0,0,0,0,30,0,0,0,0,0,0,0,0,0,0,0,0
Methanobacteriaceae,818,95,0,27,72,72,41,67,358,476,143,34,34,32,27,32,327,10,55,91,44,130,117,482,162,34,143,183,0,101,64
Methanococcaceae,345,75,0,41,59,44,12,36,515,523,114,0,23,36,0,11,375,0,82,14,26,117,55,488,45,15,95,52,0,98,0
Methanocaldococcaceae,229,63,0,21,51,52,14,36,411,376,70,0,26,20,0,0,372,0,37,0,0,146,32,492,71,15,81,79,0,122,42
Thermococcaceae,101,24,0,31,18,45,36,30,65,75,49,0,14,0,13,17,115,0,51,24,23,109,38,61,56,28,87,28,0,97,138
Archaeoglobaceae,18,0,0,0,19,87,0,51,27,32,12,0,0,0,0,0,111,0,0,0,0,127,15,50,0,0,16,0,0,0,33
Sulfolobaceae,302,159,0,62,126,75,34,72,818,1187,183,15,49,65,22,20,770,10,52,0,48,263,88,1143,57,41,186,110,0,177,56
Thermoproteaceae,204,34,0,0,29,10,0,28,207,304,39,0,13,15,0,0,190,0,10,15,10,43,21,173,16,15,0,20,0,38,19
Fervidicoccaceae,26,0,0,0,0,0,0,0,41,0,0,0,0,0,0,0,0,0,0,0,0,0,0,0,0,0,17,0,0,0,0
Thermofilaceae,25,0,0,0,0,0,0,0,0,10,0,0,0,0,0,0,10,0,0,0,0,15,0,0,16,0,0,0,0,0,0
Desulfurococcaceae,21,0,0,0,0,0,0,0,10,14,0,0,0,0,0,0,0,0,47,0,0,0,0,0,0,0,0,0,0,0,0
Nitrosopumilaceae,421,111,0,42,80,0,0,60,767,1133,194,0,29,66,0,18,662,23,45,12,26,159,55,584,124,20,68,100,0,112,17
Nitrososphaeraceae,123,49,0,0,46,0,0,12,111,174,35,0,0,12,0,0,101,0,34,10,0,79,18,177,28,13,84,43,0,52,0
Herelleviridae,280,45,0,14,0,22,0,0,68,473,18,0,0,0,0,0,37,0,10,16,0,29,0,197,58,131,0,0,0,20,0
Siphoviridae,84,334,0,11,23,0,22,10,107,159,32,10,16,11,0,0,91,15,0,10,0,46,77,154,14,55,0,142,0,50,49
Myoviridae,81,547,0,0,0,0,0,0,35,152,787,0,0,0,0,0,152,4120,0,0,0,0,14,70,0,0,0,10,0,0,0
Phycodnaviridae,142,10,0,0,45,11,0,10,0,26,26,0,0,0,0,0,11,24,0,0,0,0,15,18,0,0,0,0,0,0,0
Mimiviridae,93,22,0,0,14,0,0,0,69,89,20,0,0,0,0,0,37,0,0,0,0,29,0,119,0,0,16,39,0,22,0
Poxviridae,273,16,0,0,0,0,37,10,86,130,12,0,0,0,0,0,65,0,0,0,0,32,0,149,30,0,0,12,0,13,0
Coronaviridae,26,0,0,0,0,0,0,0,25,0,0,0,0,0,0,0,13,0,0,18,0,23,0,28,0,0,0,0,0,33,0
Baculoviridae,95,15,0,0,0,0,0,0,45,18,0,0,0,0,0,0,31,0,0,18,0,10,12,49,0,26,10,10,0,44,0
Bacillales  X.,0,15,0,0,0,60,24,39,16,0,0,0,0,0,0,0,23,0,33,0,0,30,0,0,0,10,18,0,0,0,21
Clostridiales XVII,0,36,0,25,0,13,552,73,225,34,49,33,0,0,21,0,356,0,106,17,0,132,27,0,11,56,107,0,0,17,50
Christensenellaceae,0,26,0,0,70,203,87,121,68,0,235,37,0,0,82,26,120,0,93,0,39,116,78,68,102,0,402,156,0,58,210
Zhaonellaceae,0,14,0,0,14,56,0,0,80,101,36,0,0,0,0,0,96,0,27,0,0,19,16,52,10,0,21,16,0,16,13
Actinopolymorphaceae,0,11,0,16,0,52,31,24,19,0,0,33,0,0,0,0,65,0,535,0,0,97,0,0,0,47,15,0,0,14,156
Scytonemataceae,0,23,0,0,0,32,0,12,298,52,32,0,0,0,0,0,58,0,0,0,0,18,0,51,37,0,73,12,0,22,0
Gomontiellaceae,0,59,0,24,64,0,0,23,402,556,56,0,0,33,0,0,328,0,0,0,0,110,32,465,17,0,16,32,0,70,0
Immundisolibacteraceae,0,21,0,0,0,0,0,0,19,0,0,0,0,0,0,0,0,0,144,0,0,0,13,0,0,0,15,0,0,0,0
Vulgatibacteraceae,0,20,0,0,0,10,61,48,52,15,0,0,0,0,0,0,57,0,103,0,0,33,10,0,0,0,33,0,0,0,63
Kaistiaceae,0,10,0,0,0,104,0,23,0,0,10,0,0,0,0,0,40,34,108,0,0,59,29,0,0,0,11,0,0,0,20
Terasakiellaceae,0,32,0,0,16,0,0,0,93,108,20,0,0,0,0,0,69,0,0,0,0,20,0,70,0,0,0,0,0,13,0
Caedimonadaceae,0,12,0,0,0,0,0,0,41,88,0,0,0,0,0,0,0,0,0,0,0,0,0,0,0,0,0,0,0,0,0
Maricaulaceae,0,14,0,14,0,0,118,0,41,12,54,0,0,0,20,11,26,21,167,0,10,0,13,17,11,10,108,0,0,12,19
Usitatibacteraceae,0,11,0,0,13,33,26,18,42,63,23,18,0,0,12,0,49,11,126,0,0,32,32,48,0,11,182,0,0,16,90
Barnesiellaceae,0,87,0,592,191,764,675,359,386,362,780,428,44,27,44,88,951,13,12,112,127,497,36,294,1064,39,1200,52,0,147,407
Porphyromonadaceae,0,23,0,23122,96529,31470,21762,12526,193,315,256,890,27892,515,23,3984,31140,71,177,48,18075,41822,2658,49,84,645,296384,22,468,63,5594
Fibrobacteraceae,0,21,0,0,0,0,21,11,40,0,0,0,0,0,0,0,10,0,0,0,0,0,0,11,0,0,67,0,0,0,0
Lacipirellulaceae,0,22,0,18,0,51,214,81,63,11,42,26,0,0,21,0,159,25,227,22,13,196,26,12,0,51,111,13,0,46,192
Phycisphaeraceae,0,17,0,48,10,164,86,42,33,0,0,20,0,0,0,0,82,11,538,0,0,131,32,0,20,103,109,0,0,17,34
Puniceicoccaceae,0,12,0,0,0,10,0,18,0,14,0,0,0,0,0,0,53,0,0,0,0,48,0,0,0,0,57,0,0,0,23
Straboviridae,0,24,0,0,30,0,0,0,40,67,0,0,0,0,0,0,43,0,0,0,0,14,0,64,0,0,12,11,0,21,0
Guelinviridae,0,13,0,0,0,0,0,0,0,0,0,0,0,0,0,0,0,0,0,0,0,0,0,0,0,0,0,0,0,0,0
Retroviridae,0,67,0,0,50,21,0,55,0,0,14,0,61,52,40,63,0,29,10,0,89,64,28,54,0,0,0,40,0,0,0
Endozoicomonadaceae,0,0,0,12,0,15,0,28,0,19,12,0,0,0,0,0,61,0,0,0,0,61,13,0,0,15,168,0,0,20,0
Granulosicoccaceae,0,0,0,20,0,0,20,0,0,0,0,0,0,0,26,0,23,0,0,0,0,0,0,0,0,0,87,0,0,0,0
Celerinatantimonadaceae,0,0,0,62,0,0,0,0,0,0,88,0,0,0,0,0,0,0,0,0,0,0,0,0,0,0,228,0,0,0,0
Lichenihabitantaceae,0,0,0,49,0,0,37,0,31,0,0,0,0,0,0,0,0,89,0,0,0,0,0,0,0,0,11,0,0,0,0
Elioraeaceae,0,0,0,28,0,0,29,0,0,0,0,14,0,0,0,0,0,21,75,0,0,0,0,0,0,0,27,0,0,0,60
Candidatus Midichloriaceae,0,0,0,12,0,0,0,0,169,0,0,0,0,0,0,0,11,0,0,0,0,0,0,0,0,0,0,27,0,19,0
Desulfomicrobiaceae,0,0,0,12,12,0,788,25,15,12,22,0,0,0,15,0,66,0,0,0,0,34,11,0,187,0,33426,0,12,16,78
Microvenatoraceae,0,0,0,74,0,0,42,0,0,0,0,0,0,0,0,0,10,0,0,0,0,0,0,0,0,0,17,0,0,0,0
Bradymonadaceae,0,0,0,34,0,93,95,54,25,18,0,110,0,0,0,0,169,14,247,0,10,228,10,0,0,99,16,0,0,13,35
Hydrogenimonaceae,0,0,0,11,0,0,12,10,0,0,0,0,0,0,0,0,0,0,0,0,0,0,0,0,0,0,0,0,0,0,0
Sporolactobacillaceae,0,0,0,52,0,13,38,0,0,28,0,0,0,0,0,0,0,0,0,0,0,0,0,0,13,0,31,17,0,15,14
Limnochordaceae,0,0,0,62,20,16,42,12,11,21,11,0,0,0,0,0,45,0,0,0,0,23,0,0,0,0,31,0,0,0,0
Demequinaceae,0,0,0,21,0,38,328,20,0,0,0,12,0,0,0,0,30,0,317,0,0,0,0,0,10,20,27,0,0,19,353
Acidimicrobiaceae,0,0,0,19,0,0,10,0,0,0,0,0,0,0,0,0,0,0,104,0,0,0,0,0,0,0,0,0,0,13,0
Acaryochloridaceae,0,0,0,12,0,57,0,56,0,17,0,0,0,0,0,0,101,0,0,0,0,116,0,19,0,0,15,10,0,0,60
Sirenicapillariaceae,0,0,0,19,0,0,21,0,26,40,0,0,0,0,0,0,0,0,0,0,0,0,0,39,0,0,17,0,0,0,0
Salinivirgaceae,0,0,0,40,22,0,56,48,0,0,29,0,0,0,0,12,22,0,0,0,0,0,0,46,0,0,65,0,0,11,19
Schleiferiaceae,0,0,0,49,0,165,44,57,0,0,14,0,0,0,0,23,30,0,0,0,0,54,13,0,0,0,48,0,0,0,39
Rhodothermaceae,0,0,0,170,30,83,289,220,27,0,52,48,0,0,13,26,274,16,156,15,0,334,33,0,21,23,118,16,0,11,91
Haliscomenobacteraceae,0,0,0,19,0,0,40,0,59,11,12,0,0,0,0,0,27,0,0,0,0,23,0,0,16,0,43,0,0,0,0
Chloroherpetonaceae,0,0,0,13,0,0,26,0,0,0,0,0,0,0,0,0,36,0,10,0,0,70,0,0,0,0,10,0,0,0,0
Tepidisphaeraceae,0,0,0,44,0,0,40,11,0,0,0,12,0,0,0,0,23,0,0,0,0,16,0,0,0,12,0,0,0,16,0
Candidatus Brocadiaceae,0,0,0,25,0,10,16,0,27,20,0,0,0,0,0,0,15,0,0,0,0,0,0,114,0,0,17,0,0,0,0
Vicinamibacteraceae,0,0,0,16,0,32,72,107,22,27,0,114,0,0,43,0,35,17,353,0,0,56,25,0,33,122,160,0,0,21,172
Nitrospiraceae,0,0,0,19,0,108,25,28,38,10,0,0,0,0,0,0,178,0,29,0,0,336,29,16,22,112,176,0,0,0,104
Dehalococcoidaceae,0,0,0,0,57,58,137,0,58,790,523,10,44,0,0,11,1639,0,0,0,126,939,71,12,13,11,93,116,0,0,858
Labilitrichaceae,0,0,0,0,11,0,44,10,13,0,0,10,0,0,0,0,0,11,73,0,0,0,0,0,0,0,0,0,0,17,67
Zymomonadaceae,0,0,0,0,13,0,19,0,30,39,13,0,0,0,0,0,28,0,0,0,0,10,0,22,0,0,21,0,0,0,0
Thalassospiraceae,0,0,0,0,12,19,57,10,0,17,29,0,0,0,15,0,14,12,0,0,0,11,29,27,11,10,59,15,0,10,21
Candidatus Deianiraeaceae,0,0,0,0,17,0,0,0,91,84,17,0,0,0,0,0,40,0,0,0,0,0,0,108,0,0,0,0,0,0,0
Papillomaviridae,0,0,0,0,77,0,0,0,0,0,0,0,0,0,0,0,0,0,0,12,0,0,0,0,0,0,0,0,0,0,0
Acidothermaceae,0,0,0,0,0,78,18,44,36,0,0,0,0,0,0,0,79,0,0,0,0,118,0,0,0,12,11,0,0,0,26
Egibacteraceae,0,0,0,0,0,12,0,0,27,0,0,39,0,0,11,0,17,0,240,0,0,14,0,0,0,30,29,0,0,0,55
Thermoanaerobacterales  IV,0,0,0,0,0,65,14,21,0,40,42,0,0,0,0,0,89,0,25,0,0,35,0,33,0,0,66,36,0,0,0
Anaerolineaceae,0,0,0,0,0,80,18,0,10,28,17,0,0,0,0,0,94,0,17,0,0,136,20,19,16,0,439,0,0,0,13
Ktedonosporobacteraceae,0,0,0,0,0,22,0,0,23,0,0,0,0,0,0,0,0,0,0,0,0,0,0,0,0,0,0,0,0,0,0
Thermomicrobiaceae,0,0,0,0,0,13,0,0,0,0,0,15,0,0,0,0,0,0,0,0,0,16,0,0,0,10,19,0,0,0,0
Fimbriimonadaceae,0,0,0,0,0,16,25,0,0,0,0,0,0,0,0,0,0,0,0,0,0,0,0,0,0,0,0,0,0,0,0
Tenuifilaceae,0,0,0,0,0,227,46,82,0,0,15,0,0,0,0,0,185,0,0,0,0,233,23,0,0,0,155,0,0,0,37
Mangrovivirgaceae,0,0,0,0,0,18,11,0,58,0,0,0,0,0,0,0,12,0,0,0,0,0,0,10,0,0,40,0,0,0,0
Amoebophilaceae,0,0,0,0,0,17,0,0,0,0,14,0,0,0,0,0,23,0,0,0,0,27,0,0,13,0,32,0,0,0,13
Hahellaceae,0,0,0,0,0,32,40,0,35,0,20,0,0,0,0,0,13,0,0,0,0,0,0,17,0,0,181,10,0,14,185
Succinivibrionaceae,0,0,0,0,0,19,24,0,0,0,58,0,0,0,0,0,597,0,0,0,0,15,308,29,0,0,31,30,0,0,32
Cohaesibacteraceae,0,0,0,0,0,26,0,0,36,34,0,0,0,0,0,0,61,0,0,0,0,30,0,17,0,0,0,0,0,0,0
Emcibacteraceae,0,0,0,0,0,27,0,45,11,0,0,0,0,0,0,0,28,0,0,0,0,27,18,13,0,0,25,0,0,0,15
Parvularculaceae,0,0,0,0,0,13,24,38,36,26,0,0,0,0,0,0,10,0,0,0,0,35,0,0,0,12,30,0,0,0,14
Magnetococcaceae,0,0,0,0,0,12,0,0,0,0,0,0,0,0,0,0,0,0,0,0,0,0,0,0,0,0,17,0,0,0,0
Hyphomonadaceae,0,0,0,0,0,13,22,0,0,20,18,18,0,0,0,0,48,17,30,27,0,41,14,17,0,19,69,0,0,52,19
Candidatus Saccharimonadaceae,0,0,0,0,0,67,0,0,0,0,0,0,0,0,0,0,0,0,0,0,0,0,0,0,0,0,33,0,0,0,0
Calditrichaceae,0,0,0,0,0,44,0,0,0,0,0,0,0,0,0,0,0,0,0,0,0,0,0,0,0,0,11,0,0,0,0
Methanoregulaceae,0,0,0,0,0,14,16,14,0,35,0,0,0,0,0,0,0,0,23,11,0,13,0,44,0,0,0,0,0,0,0
Autographiviridae,0,0,0,0,0,22,0,0,0,0,0,0,0,0,0,0,66,0,0,0,0,10,0,0,0,0,0,0,0,0,0
Ilumatobacteraceae,0,0,0,0,0,0,13,0,11,0,0,0,0,0,0,0,0,0,56,0,0,0,14,0,0,0,13,0,0,0,0
Paraconexibacteraceae,0,0,0,0,0,0,16,13,34,0,15,10,0,0,0,0,10,0,246,0,0,0,0,0,0,57,20,0,0,0,41
Desulfotomaculaceae,0,0,0,0,0,0,21,17,42,137,25,0,0,0,0,0,97,0,0,0,0,24,12,65,0,0,32,17,0,22,0
Merismopediaceae,0,0,0,0,0,0,19,11,17,51,20,0,0,0,0,0,28,0,12,0,0,14,0,19,25,0,38,15,0,12,0
Thermosynechococcaceae,0,0,0,0,0,0,42,0,0,28,0,35,0,0,0,0,17,0,0,0,0,20,0,0,0,29,0,0,0,0,0
Gloeobacteraceae,0,0,0,0,0,0,21,0,27,0,26,49,0,0,0,0,27,0,29,0,0,15,0,0,0,0,38,23,0,0,51
Sphaerobacteraceae,0,0,0,0,0,0,47,0,0,10,0,0,0,0,0,0,0,0,94,0,0,0,0,0,14,10,18,0,0,0,52
Phototrophicaceae,0,0,0,0,0,0,45,0,0,0,0,0,0,0,0,0,10,0,0,0,0,0,0,17,0,0,12,0,0,0,10
Tepidiformaceae,0,0,0,0,0,0,30,0,65,0,0,0,0,0,0,0,0,0,32,0,0,0,0,0,0,0,44,0,0,0,0
Saprospiraceae,0,0,0,0,0,0,10,0,0,0,0,0,0,0,0,0,0,0,10,0,0,0,10,0,37,24,33,0,0,14,0
Melioribacteraceae,0,0,0,0,0,0,12,0,30,27,25,0,0,0,0,0,75,0,11,0,0,0,0,44,42,0,94,10,0,0,0
Saccharospirillaceae,0,0,0,0,0,0,12,44,0,0,18,0,0,0,0,0,76,0,0,38,0,122,16,0,0,35,168,15,0,72,36
Salinisphaeraceae,0,0,0,0,0,0,11,0,0,0,0,0,0,0,11,0,0,0,0,0,0,0,0,0,0,0,17,0,0,0,45
Stellaceae,0,0,0,0,0,0,21,27,60,0,0,0,0,0,0,0,49,29,11,0,0,19,0,0,0,0,16,0,0,0,19
Kordiimonadaceae,0,0,0,0,0,0,26,0,31,37,19,0,0,0,0,0,12,0,10,0,0,0,0,41,0,0,83,21,0,20,13
Thermoguttaceae,0,0,0,0,0,0,16,0,0,0,0,0,0,0,0,0,0,0,14,0,0,0,0,0,0,0,0,0,0,0,12
Methylacidiphilaceae,0,0,0,0,0,0,41,0,0,0,0,0,0,0,0,0,0,0,0,0,0,10,0,14,0,0,0,0,0,0,0
Breznakiellaceae,0,0,0,0,0,0,36,0,36,83,22,0,0,0,17,0,99,0,34,0,0,42,0,43,28,0,57,36,0,0,14
Microviridae,0,0,0,0,0,0,43,0,0,0,0,0,0,0,0,0,0,0,0,0,0,0,0,0,52,0,0,0,0,212,0
Clostridiales XVI ,0,0,0,0,0,0,0,127,0,20,17,0,0,0,0,0,41,0,0,0,0,20,12,22,0,0,0,13,0,0,13
Halococcaceae,0,0,0,0,0,0,0,26,0,0,0,0,0,0,0,0,0,0,34,0,0,0,0,0,0,0,0,0,0,0,32
Hyellaceae,0,0,0,0,0,0,0,0,72,83,0,0,0,0,0,0,31,0,0,0,0,0,0,0,0,0,0,0,0,0,0
Kangiellaceae,0,0,0,0,0,0,0,0,11,0,28,0,0,0,0,0,26,0,0,19,12,0,12,12,10,0,167,12,0,19,0
Caldisphaeraceae,0,0,0,0,0,0,0,0,14,11,0,0,0,0,0,0,0,0,0,0,0,0,0,19,0,0,0,0,0,0,0
Cuniculiplasmataceae,0,0,0,0,0,0,0,0,31,38,11,0,0,0,0,0,19,0,0,0,0,0,0,57,0,0,24,14,0,0,0
Candidatus Nanohalobiaceae,0,0,0,0,0,0,0,0,1776,0,0,0,0,0,0,0,0,0,0,0,0,0,0,19,0,0,0,0,0,0,0
Kyanoviridae,0,0,0,0,0,0,0,0,63,31,0,0,0,0,0,0,39,0,0,0,0,0,0,132,0,0,0,0,0,0,0
Ackermannviridae,0,0,0,0,0,0,0,0,60,102,0,0,0,0,0,0,56,0,0,0,0,0,0,31,0,0,0,0,0,0,0
Herpesviridae,0,0,0,0,0,0,0,0,27,0,0,0,0,0,0,0,0,0,26,0,0,0,0,0,0,0,0,0,0,0,11
Thermosediminibacteraceae,0,0,0,0,0,0,0,0,0,30,0,0,0,0,0,0,27,0,0,0,0,12,0,0,13,0,70,0,0,0,0
Desulfosudaceae,0,0,0,0,0,0,0,0,0,32,0,0,0,0,0,0,12,0,56,10,0,0,0,0,29,0,19,0,0,0,15
Bromoviridae,0,0,0,0,0,0,0,0,0,14,0,0,0,0,0,0,0,0,0,0,0,0,0,0,0,0,0,0,0,0,0
Oculatellaceae,0,0,0,0,0,0,0,0,0,0,14,0,0,0,0,0,25,0,11,0,0,0,0,0,0,0,15,0,0,0,0
Halothiobacillaceae,0,0,0,0,0,0,0,0,0,0,10,16,0,0,0,0,221,0,0,0,0,158,0,0,17,0,73,0,0,0,0
Thiobacillaceae,0,0,0,0,0,0,0,0,0,0,12,0,0,0,0,0,75,15,170,0,0,0,11,0,0,0,75,0,0,0,45
Hydrogenophilaceae,0,0,0,0,0,0,0,0,0,0,23,0,0,0,0,0,0,0,0,0,0,0,0,0,0,0,18,0,0,0,0
Thermotomaculaceae,0,0,0,0,0,0,0,0,0,0,19,0,0,0,0,0,23,0,0,0,0,10,18,0,0,0,0,0,0,0,0
Adenoviridae,0,0,0,0,0,0,0,0,0,0,0,50,0,0,0,0,0,0,32,0,0,0,0,0,0,0,0,0,0,0,0
Anaerohalosphaeraceae,0,0,0,0,0,0,0,0,0,0,0,0,0,0,0,0,12,0,0,0,0,0,0,0,0,0,11,0,0,0,0
Kiritimatiellaceae,0,0,0,0,0,0,0,0,0,0,0,0,0,0,0,0,71,0,21,0,0,86,0,0,0,0,22,0,0,0,0
Caldisericaceae,0,0,0,0,0,0,0,0,0,0,0,0,0,0,0,0,0,0,18,0,0,0,0,0,0,0,14,0,0,0,0
Candidatus Methanoliparaceae,0,0,0,0,0,0,0,0,0,0,0,0,0,0,0,0,0,0,11,0,0,0,0,0,0,0,0,0,0,0,0
Ferroplasmaceae,0,0,0,0,0,0,0,0,0,0,0,0,0,0,0,0,0,0,17,0,0,0,0,0,0,0,0,0,0,0,0
Demerecviridae,0,0,0,0,0,0,0,0,0,0,0,0,0,0,0,0,0,0,0,404,0,0,0,22,0,0,0,0,0,0,0
Methanocorpusculaceae,0,0,0,0,0,0,0,0,0,0,0,0,0,0,0,0,0,0,0,0,0,0,0,11,0,0,0,0,0,0,23
Ichthyobacteriaceae,0,0,0,0,0,0,0,0,0,0,0,0,0,0,0,0,0,0,0,0,0,0,0,0,40,0,64,0,0,0,0
Marseilleviridae,0,0,0,0,0,0,0,0,0,0,0,0,0,0,0,0,0,0,0,0,0,0,0,0,19,0,0,0,0,0,0
Woeseiaceae,0,0,0,0,0,0,0,0,0,0,0,0,0,0,0,0,0,0,0,0,0,0,0,0,0,10,153,0,0,0,0
Litoricolaceae,0,0,0,0,0,0,0,0,0,0,0,0,0,0,0,0,0,0,0,0,0,0,0,0,0,0,10,0,0,23,0
Desulfurellaceae,0,0,0,0,0,0,0,0,0,0,0,0,0,0,0,0,0,0,0,0,0,0,0,0,0,0,33,0,0,0,0
Rhabdochlamydiaceae,0,0,0,0,0,0,0,0,0,0,0,0,0,0,0,0,0,0,0,0,0,0,0,0,0,0,33,0,0,0,23
Candidatus Chazhemtobacteraceae,0,0,0,0,0,0,0,0,0,0,0,0,0,0,0,0,0,0,0,0,0,0,0,0,0,0,10,0,0,0,0
Chrysiogenaceae,0,0,0,0,0,0,0,0,0,0,0,0,0,0,0,0,0,0,0,0,0,0,0,0,0,0,90,0,0,0,0
Pyrodictiaceae,0,0,0,0,0,0,0,0,0,0,0,0,0,0,0,0,0,0,0,0,0,0,0,0,0,0,19,0,0,0,0
Acidilobaceae,0,0,0,0,0,0,0,0,0,0,0,0,0,0,0,0,0,0,0,0,0,0,0,0,0,0,12,0,0,0,0
Prochlorotrichaceae,0,0,0,0,0,0,0,0,0,0,0,0,0,0,0,0,0,0,0,0,0,0,0,0,0,0,0,11,0,12,0
Thermoplasmataceae,0,0,0,0,0,0,0,0,0,0,0,0,0,0,0,0,0,0,0,0,0,0,0,0,0,0,0,18,0,0,0
Methanopyraceae,0,0,0,0,0,0,0,0,0,0,0,0,0,0,0,0,0,0,0,0,0,0,0,0,0,0,0,0,0,0,14
Casjensviridae,0,0,0,0,0,0,0,0,0,0,0,0,0,0,0,0,0,0,0,0,0,0,0,0,0,0,0,0,0,0,25
Totiviridae,0,0,0,0,0,0,0,0,0,0,0,0,0,0,0,0,0,0,0,0,0,0,0,0,0,0,0,0,0,0,11