numID,KI_exp,compound,similarity,ASW74,ASW47,ASW20,ASW68,ASW38,ASW54,ASW19,ASW59,ASW50,ASW31,ASW66,ASW35,ASW67,ASW7,ASW2,ASW22,ASW29,ASW37,ASW11,ASW65,ASW56,ASW51,ASW15
1,888,Styrene,94.1,22361523,123501480,62357884,142250952,89927564,0,132235140,33612078,21310672,130645552,91975476,102138114,113413572,134619088,151340432,106765272,114720716,101032196,114218332,91591816,0,86590444,125435004
2,1269,n-Propyl benzoate,88.76,807917,2060758,2391673,13377349,2172183,0,2999910,0,6833308,0,5658326,1586519,26795227,47377467,1260209,3612535,849216,0,4512067,4305628,0,0,10876684
3,1183,Naphthalene,92.23,1070847,33835604,5324527,5921722,0,50374040,1062693,1823673,2759586,2852612,2738991,3234397,2145072,915788,2465932,0,0,4162581,3552856,4749032,43976420,913660,0
4,959,Benzaldehyde,69.29,1990631,4790799,1737977,1884092,2852014,13133946,17670448,1531035,13723592,2932577,19358395,5173650,8706812,2935532,4325342,2140178,2284939,3224322,3452772,34596654,9112500,2534875,4684479
5,857,Ethylbenzene,92.38,4782674,14969865,10639713,27343044,18557697,381043,22765938,8850548,1001975,15727439,9242449,12654312,10657497,15222087,23235985,20344525,19948683,13582157,15654565,14014417,438638,16031068,16476601
6,1168,Benzoic acid. ethyl ester,74.47,1647575,1495034,850451,7792865,1155826,160930,5031530,286491,4933600,200316,6296467,2141744,18556498,22539154,591742,5418817,402183,237324,1472132,5449053,4935507,120055,4918101
7,1075,Phenol 3-methyl-,74.22,256865,441081,522323,7698748,13625179,9098124,5962265,0,215015,435804,29162876,504142,320090,1079895,99153,221485,333076,210602,218258,1018305,818854,284429,182049
8,1289,Indole,66.44,1146185,0,0,0,2920586,2102468,1874289,0,9464189,0,22545582,1145160,2463740,0,0,1312519,0,0,7172751,0,1706681,0,6992580
9,1002,Pentanoic acid. 4-methyl-,66.08,2773346,0,0,3105671,9755442,2332990,0,603610,0,0,4516303,0,2066942,0,657848,16423553,0,907287,305560,813653,1775344,0,777775
10,866,p-Xylene,80.6,0,1204635,9770529,5731018,815438,0,0,9795453,0,0,0,0,2387886,0,0,0,0,0,0,0,1427735,1185024,232909
11,1672,3-Methyl-Z.Z-4.6-hexadecadiene,77.98,0,309878,151796,137790,162318,2469130,1206358,0,121757,0,4300710,0,9140251,86541,0,147900,95091,92956,2239215,98437,160357,235498,103291
12,1700,Hexadecane. 2.6.10-trimethyl-,74.32,927349,491951,434156,535786,243463,497077,1018164,0,336698,0,2022398,0,8523303,387542,0,565837,443005,202179,545170,724856,385743,2031584,659285
13,1952,n-Hexadecanoic acid,70.55,0,7166606,2136846,1921791,0,3696568,2636694,3394838,0,0,0,0,6570776,0,0,0,0,0,0,2085541,3655337,2726059,2025898
14,1500,Butylated Hydroxytoluene,70.24,0,539005,0,0,0,0,728697,0,0,0,3302062,1480892,3718505,3367946,0,0,7166000,0,0,0,0,0,0
15,1063,Acetophenone,70.25,244280,0,0,0,691829,6805010,782941,0,0,0,1013544,0,0,503032,0,362286,333998,367558,0,0,7447735,300425,585268
16,1072,.alpha.-Methyl-.alpha.-[4-methyl-3-pentenyl]oxiranemethanol,73.54,15955,36377,11690,80824,241068,4308959,47917,0,2019242,5067,34978,24981,160156,52551,29375,52792,8625,17291,31395,2399382,7939307,11055,12794
17,743,Hexa-1.3.5-triyne,67.16,3333350,0,0,0,31492,100833,806744,0,0,263371,126645,2552811,0,4924628,215798,110188,238693,552228,234798,0,675121,154094,16728
18,1278,Nonanoic acid,66.65,5325337,1615870,0,1529994,0,2354359,0,2098220,6568733,2725176,0,2324549,0,2254466,4253525,0,0,6071068,2845196,2439280,2129813,0,1794928
19,>3000,Epicholestanol,83.75,0,300379,6424,442465,11917,0,0,12406,0,0,5181,0,4183476,0,0,0,0,13306,0,0,1338698,496620,41685
20,1187,3-Methyl-2.3-dihydro-benzofuran,66.7,1493858,0,2532658,1483856,0,1967267,756960,0,1023395,1149072,1273134,363190,1033224,1005517,0,317368,0,2249776,2847512,442795,3163419,409928,720087
21,801,2-Propenoic acid. butyl ester,66.07,690698,0,0,0,642223,6027023,509466,0,0,2060731,1456000,0,0,308054,595708,0,0,490562,478349,309480,2886312,329687,0
22,1499,Phenol. 4.6-di1.1-dimethylethyl-2-methyl-,65.44,0,401829,0,0,287855,532188,616691,0,0,249732,2021107,376939,3144299,2623967,0,212460,5401774,200871,2004938,219298,590820,571699,0
23,942,Butanoic acid. 2-methyl-,68.44,1582677,0,0,0,0,0,101516,0,21138,1513611,0,3228618,0,0,743484,0,0,0,2837189,2361248,0,0,0
24,1468,1-Ethynylcyclododecanol,70.83,167744,1032930,719751,232384,180789,933235,268125,0,196373,0,773416,740019,3479244,234740,193280,0,0,0,577937,0,270839,0,0
25,1171,Benzene. 1-ethenyl-4-methoxy-,69.42,0,185823,0,459110,326979,3017176,1976297,253143,0,0,406924,0,1319304,317376,234466,0,0,0,0,0,2544653,0,0
26,1356,Dodecane. 1-fluoro-,71.64,37139,216835,93753,161405,185411,116346,141286,106166,0,0,3811498,134447,301049,60240,186295,59098,48746,45706,2148837,558669,777900,280819,236131
27,1478,3-Buten-2-one. 4-2.6.6-trimethyl-1-cyclohexen-1-yl-,70.96,0,306772,360676,0,452848,426794,146309,0,0,0,348288,342940,3093359,0,0,144577,0,168899,367857,255049,485121,1239946,145275
28,<600,Propanal,70.94,195722,0,1783419,0,270052,1141466,432119,0,0,0,1952559,0,292962,478223,0,389567,451194,231716,0,0,740783,0,1359503
29,>3000,Cholesterol,76.78,0,704786,7005,32403,10270,0,0,6283,0,0,6540,0,110481,0,0,0,0,5739,0,0,1201045,480326,39207
30,1353,2-2-Ethyl-1.3-dimethyl-cyclopent-2-enyl-propan-2-ol,66.49,26222,0,0,0,15069,966590,319771,0,0,0,86468,0,0,81779,0,195106,12298,32508,0,0,1140238,25413,557821
31,1593,1-Decanol. 2-hexyl-,70.93,86630,285875,0,133094,385406,348976,807435,0,0,96261,288185,0,221569,171522,112844,384061,360252,94537,418453,120515,248904,173069,112438
32,2851,3-Methyl-2.4.6-triphenylpyridine,66.87,0,0,0,0,44043,0,0,0,12112,0,43540,12205,0,0,0,0,0,20133,15852,594402,7552,7201,14701
33,1356,2-Azido-2.4.4.6.6-pentamethylheptane,66.18,37462,0,0,0,204515,228106,35506,0,0,0,952022,0,0,39400,0,6905,113019,96309,0,0,358251,185186,95830
34,1832,cis-10-Pentadecenoic acid. propyl ester,68.61,117920,0,0,0,56508,479067,121836,0,0,58233,57021,31439,0,98192,0,72363,320773,55443,447809,0,386411,68163,39615
35,2121,17-Octadecynoic acid. methyl ester,70.47,0,341085,184491,104589,17791,0,103036,127251,0,0,95714,0,230292,0,0,16473,0,29647,0,0,145692,78130,143352
36,1500,Cyclohexanone. 2.6-bis2-methylpropylidene-,67.68,43901,0,0,0,56401,145270,49323,0,0,0,174140,0,0,461787,0,92634,74311,49943,0,0,352079,166412,65353
37,1716,13-Methyltetradec-9-enoic acid methyl ester,67.65,75777,0,0,0,9511,130020,305021,0,0,0,136834,0,0,67440,0,139685,181216,11731,0,0,168531,25897,26188
38,889,NA_889,NA,0,2989984,0,3871938,0,3941797,3272371,0,10668506,68135646,0,52231786,0,3992214,80162254,2611189,3575333,0,58515048,46785418,0,0,0
39,1062,NA_1062.39,NA,161264,0,113999,179779,2153560,34090040,263879,0,179508,225525,2174246,168124,589736,360952,276951,368563,150731,0,251157,259436,17699314,288757,485785
40,1561,NA_1561.40,NA,876213,714073,401842,417444,627498,465953,1353550,0,0,0,3296234,0,376117,821929,350545,1149521,1158202,399172,0,0,0,0,0
41,1563,NA_1563.41,NA,671142,1162560,849385,524022,417836,414324,946622,408514,341657,1819016,3179402,1628000,1615762,671117,499602,899793,891358,669794,1225594,685118,1026163,517043,334424
42,901,NA_901,NA,2882842,0,2423509,1163464,4115480,2199799,0,0,0,20378686,3268514,0,1118449,1181088,23338889,0,0,1028350,0,1159995,1603424,7962363,4482310
43,927,NA_927,NA,2509161,0,0,0,0,6444805,7888674,0,7389065,4775951,0,0,0,0,1603042,0,0,3930252,21243748,16912725,3073658,977400,2252113
44,1189,NA_1189.44,NA,1084936,7729226,355713,0,0,852346,1432273,504859,1446222,1332147,1249506,1361929,42062664,768866,509022,397191,0,1263597,1213737,643920,1089192,457772,1010324
45,1152,NA_1152,NA,420026,480677,513066,0,0,0,0,0,658817,0,791899,1137550,3468788,0,1217529,0,0,0,572544,35987288,550575,0,1920062
46,958,NA_958.46,NA,0,0,4849283,0,0,12264440,16138873,0,12621752,5185910,17357238,7148848,7716974,0,6085706,0,0,0,4920685,32908036,8193348,0,4693511
47,1192,NA_1192.47,NA,281042,35835204,0,448004,189070,2497150,396905,304557,2410147,4898477,861061,0,4257388,344622,4032379,0,0,322573,1471187,4395807,1017781,236811,900251
48,882,NA_882,NA,235790,122171,1285082,395638,95135,1297349,26951333,442805,460583,817384,180427,19339060,165578,5110883,322879,48627,0,11296226,146660,65544,2982556,114917,578679
49,1157,NA_1157.49,NA,312851,116110,0,0,204548,1831887,309820,0,62987,0,0,157151,227904,266384,277495,292166,114623,0,108286,89923,1147371,134463,0
50,1202,NA_1202,NA,0,16920248,0,0,0,0,0,0,7893930,0,1889390,0,2076370,2062432,2675628,0,0,0,1324227,0,0,0,19145776
51,1157,NA_1157.51,NA,133451,0,0,0,175267,1148824,219113,0,0,237584,802759,169281,155630,202272,433206,125376,0,99709,141544,0,1115894,0,0
52,1151,NA_1151,NA,129081,1429197,1152430,1202410,208793,587438,0,231477,313168,148478,0,688305,750450,566456,781987,0,0,0,267869,22505020,4960014,757569,0
53,1261,NA_1261,NA,655951,0,0,0,1059803,1902485,11569706,0,0,293252,0,495099,744232,0,0,2035365,702493,0,739808,0,3383297,0,0
54,1565,NA_1565.54,NA,364233,1121097,847238,447795,291253,397611,840340,256026,530455,1288528,2323885,1118116,1535887,266830,1716828,493330,577044,1664940,1130947,456028,639240,1175160,429390
55,949,NA_949.55,NA,11053860,0,1496055,2808136,665588,0,1060491,0,0,0,0,4793554,780497,4174784,221897,1023533,1199586,12994758,502411,650868,740571,208178,0
56,1062,NA_1062.56,NA,0,142794,0,0,301476,5354362,178378,0,0,0,335867,0,139414,517553,0,475651,0,376626,0,0,11731380,0,0
57,1563,NA_1563.57,NA,0,356334,141851,207645,140116,331539,532918,0,254843,257282,174035,307329,902203,179146,442528,351654,171069,0,641701,175682,177440,374194,158391
58,866,NA_866,NA,617711,0,797327,423234,0,1099883,943495,801334,271525,1051872,379907,792728,224956,1571444,2135079,643052,1878318,1928746,903941,829080,1300231,872765,1671766
59,948,NA_948.59,NA,106002,1189217,674635,351510,593751,0,285355,0,0,604436,596384,4577099,690756,143803,1072042,594045,327200,1114465,644692,19180924,3642505,238712,367610
60,1035,NA_1035,NA,2344797,1098312,1041815,3071645,1059517,5144296,1944704,0,789744,2228223,1649675,1033413,5098885,1142300,12166550,805086,893618,4869761,1049980,1826134,9977634,1897533,4110036
61,1541,NA_1541,NA,93655,90220,264144,334782,85977,0,145718,0,0,104298,607049,0,497883,121655,0,0,0,0,395464,0,130834,0,106346
62,1565,NA_1565.62,NA,119181,261375,97280,183579,181625,342506,440879,77515,0,169118,503063,436135,303583,171245,179248,235985,177215,169642,611824,230589,228890,424394,116831
63,1563,NA_1563.63,NA,0,312628,0,262075,0,240280,474830,0,188937,0,781531,219077,1489327,0,344586,219927,146834,222567,657891,0,133499,385346,192491
64,1723,NA_1723,NA,3553635,6267189,6316134,3656627,0,0,4296217,7273921,4725778,15346629,0,3543332,0,2153910,8455307,6316034,5385775,4585244,2499627,0,0,9866197,0
65,1147,NA_1147,NA,0,368402,1672520,124279,0,0,122179,0,0,278028,102024,0,338189,566308,1785453,0,0,225863,104392,0,296485,837346,2197158
66,1031,NA_1031.66,NA,2048351,0,2186783,2328405,1388993,7629961,1776397,0,0,1871305,0,0,1684685,3441770,1442999,1559400,0,0,1464683,2130596,14708835,1589651,1792358
67,1153,NA_1153.67,NA,106758,162487,99377,124872,100712,593813,185892,0,231545,209068,253938,571290,319793,146882,812230,95343,69562,0,278979,13675839,500052,179338,81828
68,1002,NA_1002.68,NA,434390,454682,1139474,354298,5172228,347499,2740042,1769950,0,0,1719557,0,4757736,383509,1165761,4884031,0,907287,824169,454452,1775344,432294,777775
69,902,NA_902.69,NA,802282,410399,12086183,3562203,382010,1014916,0,2673739,0,202817,3501671,347577,1865521,2430273,4978210,381382,0,1045253,873037,903959,518417,2104335,3117063
70,1001,NA_1001,NA,429881,488295,527332,836894,9862562,4581907,4170780,457982,0,0,1673898,0,3387170,1002676,356675,3985840,0,598562,1360077,546101,431187,432294,361917
71,1231,NA_1231,NA,0,395507,1098267,377092,113863,659800,104096,728769,0,0,784877,0,422613,0,0,0,0,0,0,184462,11100567,0,0
72,1393,NA_1393,NA,478984,2342175,0,0,0,3181763,8620569,0,190559,466797,12332564,1664790,6233049,182840,0,259427,0,1417486,11410653,810103,676844,2765104,393018
73,921,NA_921,NA,906561,0,0,928800,0,8054270,955542,2169695,0,5743734,0,0,991550,1183294,0,1226707,1870904,0,1088035,0,2239498,0,0
74,930,NA_930,NA,826597,0,0,0,146831,3505536,3035641,0,3102480,96260,88917,0,0,189241,697808,29244,30064,3051267,5073662,6767794,4342758,15757,1212803
75,1090,NA_1090,NA,5927585,1635950,903167,825381,0,3738915,10750381,0,0,0,3691579,3568496,3080248,5444072,895872,2084056,10329502,0,1467836,2331922,4210331,4500394,7755545
76,1041,NA_1041.76,NA,546235,1177537,1199193,164201,365717,4155847,3416036,0,4099062,248605,3828527,933827,536205,500118,1195085,989808,368049,155118,682820,10288045,1844611,776847,2558694
77,1288,NA_1288,NA,120382,621201,240883,295804,660292,806031,1287911,0,0,200700,10962081,146624,697990,141327,238001,462390,0,5137970,1128217,0,3443547,311113,4467191
78,1015,NA_1015,NA,72262,389758,232836,0,506722,603620,47168,88853,0,0,506700,0,2592002,5812727,0,104275,24202,1056267,0,0,4505568,264957,171604
79,1109,NA_1109,NA,0,1910016,0,1587403,0,0,10459996,0,0,0,1290741,1429165,0,0,1871659,0,0,0,0,0,3942893,6033650,3722981
80,1533,NA_1533.80,NA,0,0,0,0,86739,216872,188567,0,205238,93557,468071,3301676,115379,110404,101654,108891,210791,0,466507,0,256805,99006,178091
81,1735,NA_1735,NA,0,3686750,2312681,2067391,0,0,886521,3229230,1638227,11233603,0,1253899,0,0,2312539,0,0,2699588,831349,0,0,0,0
82,1563,NA_1563.82,NA,0,310099,204627,307834,133021,277305,418041,0,87354,287824,792201,690568,733284,84337,413202,210556,141347,465019,637608,338068,92743,401065,149187
83,1560,NA_1560.83,NA,0,552294,0,270250,268347,0,374418,0,0,349990,294186,491769,1274812,0,0,339422,228294,402749,407299,358326,236611,335294,316509
84,1073,NA_1073,NA,244277,333002,441107,595256,347410,5117392,3441753,313252,0,213801,340870,209544,1008844,929464,440641,136039,219549,371134,462368,554752,10020284,216461,260020
85,856,NA_856,NA,307127,0,0,0,0,9012937,1180802,0,0,0,583628,0,0,666251,0,814036,353668,1595186,0,0,30007,0,1161237
86,1737,NA_1737,NA,2142336,2998392,3298922,1121526,0,0,2340781,4165735,2428488,5427551,761491,2562333,0,757456,4368133,3614114,3330178,2687961,1496452,545148,0,5906152,628562
87,1131,NA_1131,NA,0,1237225,492780,0,0,7133871,0,0,0,1272424,0,1655041,932020,0,1332660,0,0,0,556281,0,8467642,0,0
88,1489,NA_1489,NA,260383,615370,0,0,0,2604728,5665739,0,0,293103,7154311,572843,7884056,0,370519,390681,265566,372218,6063767,276056,0,563799,376363
89,1002,NA_1002.89,NA,653950,1733868,357376,0,5030743,3378783,1992620,1395443,0,4160960,478195,419729,3084068,0,5293060,4983080,0,0,1662526,408177,421256,0,394559
90,1277,NA_1277,NA,0,0,0,0,0,1738636,0,0,3657446,1492975,0,1326664,0,0,2234158,0,0,3759552,1418483,1352488,1362813,0,1168403
91,985,NA_985,NA,518031,0,1194080,0,260936,2865534,674101,1256093,0,0,1483858,858014,571419,394147,2066448,8443636,0,269162,298816,780611,2983690,0,253814
92,1709,NA_1709.92,NA,0,5008463,0,3068281,0,0,0,5336068,0,9165662,0,2516400,6357905,0,5128992,0,3973607,3386368,0,0,0,5759308,0
93,1108,NA_1108,NA,0,0,0,0,5109552,0,6724092,741355,0,0,0,0,1965354,0,1421106,0,916382,2546232,2333611,1299369,3067601,3048712,622396
94,902,NA_902.94,NA,174636,3205052,1839524,750995,589181,928830,0,2009085,0,5328667,773707,351158,1077892,309125,2559079,0,0,416295,305867,963921,0,7398988,834379
95,1100,NA_1100.95,NA,0,1982181,0,0,1936072,8082402,1757055,0,426159,0,1563184,0,5231865,0,1467034,0,0,1608209,781134,0,5797919,1141956,1686958
96,980,NA_980,NA,0,0,791015,566626,418979,7124628,321840,0,0,0,632541,0,381487,0,0,1990085,0,0,197783,191313,4659461,0,237998
97,888,NA_888.97,NA,0,0,0,0,0,0,0,0,732359,5120051,0,4040353,0,0,6034143,0,0,0,4334458,3542489,0,0,0
98,1146,NA_1146,NA,0,0,0,0,0,147852,118838,0,1548098,181138,174027,97620,96132,114044,230829,0,0,0,0,0,1718784,323506,1242645
99,1563,NA_1563.99,NA,170267,271705,236064,0,115158,218034,215823,0,101272,242113,397604,366331,600274,104469,0,245263,195875,238046,144641,356508,183354,186166,108156
100,1229,NA_1229,NA,20976,7189,12971,47047,22706,4088826,324942,0,0,0,71727,0,333717,12678,0,12438,418091,17500,0,0,4431933,24803,190060
101,911,NA_911,NA,1082174,204857,1245486,881289,526669,0,17179,1663619,0,0,467211,0,144158,247711,0,41239,1025016,400244,0,0,670882,1554027,497101
102,757,NA_757,NA,0,426943,642828,757304,0,0,0,530537,7872177,0,427172,850755,386311,0,332750,0,0,0,0,0,0,0,0
103,1060,NA_1060,NA,60705,0,0,0,127807,2648273,209651,0,0,0,859840,0,0,302236,0,68354,44375,49754,0,0,7652183,159819,434980
104,1031,NA_1031.104,NA,1896577,1301819,2140390,1298230,0,6149888,1392587,887078,0,1763774,0,946390,1405917,3303942,1582172,1532841,0,0,1757787,2494037,4188030,0,0
105,1189,NA_1189.105,NA,521297,718217,2801642,554123,0,890860,0,385865,880789,737228,1716347,729815,869646,485243,707698,366131,0,7255862,211240,262827,472557,283163,220589
106,1560,NA_1560.106,NA,136570,452204,200303,353063,259283,303547,720557,120040,0,224923,491954,0,298003,124628,243103,197997,184727,536518,229076,0,0,160664,205195
107,984,NA_984,NA,377270,0,0,0,2324539,5891389,290003,598291,0,454359,0,573376,0,0,584361,1234171,0,0,656902,341947,858181,0,0
108,1985,NA_1985,NA,0,4520319,1033263,0,0,7153157,0,366859,0,0,330534,0,1022321,483570,822193,0,564707,0,0,0,1758991,2461866,2156658
109,1101,NA_1101,NA,0,0,0,0,0,506165,7035877,0,0,0,559163,0,0,0,0,0,506318,0,681859,0,1827959,426095,3029379
110,979,NA_979,NA,0,0,528322,343714,866447,5089231,0,0,0,233086,1478877,0,615931,0,306203,0,0,0,465606,0,724166,0,0
111,1276,NA_1276.111,NA,3801031,1045318,0,0,0,2560862,4562623,1584592,5429221,1911086,2351120,1510342,0,1855499,2802770,0,0,1105600,2002750,1625578,1095378,0,5189396
112,1278,NA_1278,NA,0,0,0,0,0,688412,0,0,5093844,2130965,0,1773394,0,834571,3205193,0,0,1247180,1513516,1883702,2137406,0,1542211
113,1704,NA_1704,NA,222797,292417,392783,326967,0,259562,327428,0,207708,209517,879594,0,3164220,0,0,362110,202430,0,468539,694384,197141,326013,514672
114,1048,NA_1048,NA,0,229713,0,556884,0,3104160,0,255432,0,182820,0,0,322726,0,1161313,0,500591,0,373748,0,1666375,0,562142
115,1192,NA_1192.115,NA,1439989,2996047,920413,990298,0,348716,161685,0,302998,465632,671445,0,2208083,788611,1637384,147363,0,2437466,96036,558573,462188,79709,978406
116,1129,NA_1129.116,NA,1084041,1483485,511189,264652,853903,1224458,944649,1349758,254569,833322,0,635187,333003,280200,408080,2562778,933622,522924,230025,241114,1252897,1474647,1020848
117,1031,NA_1031.117,NA,509247,0,0,0,52462,2801052,93419,0,84870,0,100589,272730,0,3227284,2067900,539498,186896,88832,1906198,586621,2261691,143308,469049
118,1276,NA_1276.118,NA,0,0,0,0,0,0,0,0,2682117,1088991,0,900234,0,0,1817686,0,1653315,0,898440,1001277,1193604,0,0
119,1113,NA_1113,NA,13361,0,0,0,0,318913,2935546,0,0,0,0,0,0,104506,0,58610,593239,7528,0,0,520352,289406,407137
120,801,NA_801,NA,545189,0,0,0,288154,4025982,393069,0,0,0,1415352,0,0,187291,0,167238,135991,381874,0,0,2411985,271403,183926
121,1731,NA_1731,NA,2018676,524366,852123,337434,779428,0,1315602,0,750144,377192,577082,220602,201032,1239381,139868,3587077,3092794,742429,262128,144695,194686,749528,290705
122,1745,NA_1745,NA,592507,970780,1285413,551117,0,0,1287570,662854,835682,1489048,0,564144,842932,0,2153290,3139182,483563,461701,518490,0,0,1031715,0
123,1089,NA_1089,NA,0,0,5215942,0,0,3745443,3491642,0,0,1029761,0,0,0,945929,1816362,2475369,0,1655842,1940435,2421217,4081788,0,948131
124,1356,NA_1356.124,NA,541106,1420480,0,0,0,271688,998042,0,560419,131549,3713107,155827,1784884,946106,816721,566925,0,0,1658794,176783,2307427,0,2710640
125,1469,NA_1469,NA,801401,0,1329101,0,0,943616,890766,0,0,0,3497894,0,3381845,1287114,0,950580,0,0,1342291,0,0,0,2514489
126,948,NA_948.126,NA,0,0,641744,525829,159546,1961758,0,0,158411,1607114,318219,3114814,525731,118680,1218712,365914,222523,420733,0,0,3995030,703569,548366
127,1196,NA_1196,NA,2537538,0,0,0,0,846564,706783,0,4155578,955414,2827530,294496,5046831,383841,1337375,365233,0,0,1969339,0,1563540,377043,923113
128,1173,NA_1173,NA,0,182018,191508,0,0,3518376,2663290,133565,225484,246592,4245204,0,1974073,0,318200,0,127618,176568,229857,153834,2402000,0,0
129,1104,NA_1104,NA,217229,0,0,0,773432,4009160,2517112,0,0,0,521302,0,0,204930,0,93329,171259,525694,0,0,4177333,51165,670267
130,1680,NA_1680.130,NA,175411,0,846661,0,966169,220185,306988,647413,0,300243,504617,4668324,876277,2972492,157386,0,2042457,0,256086,249148,177155,0,172704
131,1194,NA_1194,NA,203276,0,384921,157233,0,1160948,268453,0,960540,154629,0,0,310139,314691,611930,0,0,4078100,1014241,1369296,264505,166339,890115
132,1295,NA_1295,NA,0,221945,0,0,0,367184,1058004,0,0,141579,4058988,145244,1899449,0,0,0,0,168726,1535138,154628,137783,271435,161208
133,1289,NA_1289,NA,0,0,0,0,200237,0,295631,0,0,0,137494,0,131344,152494,134698,0,0,4533600,0,0,526996,125749,715499
134,1399,NA_1399,NA,465542,655605,0,0,414335,1349348,2014378,0,0,426617,3645550,481061,3883885,343777,0,433277,339544,0,3222612,359854,682255,577980,0
135,1183,NA_1183.135,NA,1118383,1359174,1851444,597636,0,3572223,613408,446109,2310408,1510417,0,2462004,706376,0,1583451,0,0,0,1036185,1664702,4464358,428465,0
136,1062,NA_1062.136,NA,100242,0,0,0,651362,3729856,137344,0,0,0,775067,0,0,281186,0,95896,143694,65791,0,0,3118729,142360,60462
137,1374,NA_1374,NA,353445,534484,0,409667,349366,515559,609555,379824,0,0,698850,723301,863097,555804,0,0,404295,432593,0,470171,356236,0,337407
138,1530,NA_1530,NA,0,222436,324687,0,127393,354506,218879,151462,193824,286312,337031,700219,368255,240203,0,301101,312607,296293,272998,111912,236022,277170,143718
139,1683,NA_1683,NA,312010,289521,467463,148677,0,177947,135367,439401,0,0,157892,4259613,713865,1738069,0,268980,2518744,0,1189074,0,0,0,158056
140,1459,NA_1459,NA,732402,740762,736675,392836,333046,864216,872313,0,535157,527391,2477468,391910,3311004,1051359,1589480,651091,611160,0,734471,568362,1106597,0,2221834
141,900,NA_900,NA,0,9567,824824,53943,104112,0,0,82409,0,112767,15589,391580,980760,0,1197784,0,0,92753,335035,182066,60956,0,136749
142,1389,NA_1389.142,NA,0,272094,913847,209342,0,796213,225326,453867,0,321210,3728673,953496,723827,0,649706,442225,292501,408674,450083,542181,564201,856617,0
143,958,NA_958.143,NA,3512992,0,0,0,3403252,1347786,1247481,0,401916,15229,3153165,464030,0,1520819,443380,1080812,1566256,910113,486834,1009098,1471075,714751,1338276
144,1225,NA_1225,NA,91918,0,0,0,8535,2073190,21378,0,0,0,16023,0,0,35270,0,16519,47854,30453,0,0,104831,11984,177640
145,1371,NA_1371.145,NA,0,246574,0,0,0,347881,225073,0,0,0,3643257,0,1263080,0,0,0,0,0,555252,180359,774019,226440,191829
146,1126,NA_1126,NA,62189,923099,194714,282533,97548,3084823,157980,776424,0,0,88676,0,133695,195617,0,0,0,73486,0,0,3805110,66327,57359
147,1387,NA_1387.147,NA,0,0,580664,0,759849,935418,638026,0,819838,1614928,2199395,1116257,717326,0,0,559342,772720,0,0,829275,0,797852,0
148,1710,NA_1710,NA,1114088,144618,230679,0,109969,258991,367462,95363,214075,82570,573608,286734,3170342,97936,83333,300883,82289,106943,197334,534832,230442,98295,224577
149,1102,NA_1102,NA,440802,0,0,0,46389,1420865,2074180,0,0,0,1689012,0,0,644736,0,683648,540937,21705,0,0,498300,148862,21661
150,1234,NA_1234,NA,445791,0,0,0,673619,86808,429871,0,0,0,37097,0,0,475180,0,1497085,736430,14735,0,0,2953262,9076,1005997
151,1594,NA_1594,NA,147980,564464,0,123609,0,627423,1580662,0,125056,198495,1023169,170272,1097720,0,0,190678,139281,284590,3471558,166039,130351,573198,139210
152,1561,NA_1561.152,NA,177475,303201,194544,0,194063,276247,160258,113715,0,153836,979839,0,355656,182524,172946,147951,199487,212578,639971,204246,109249,227667,140505
153,1699,NA_1699,NA,167440,751528,464312,418394,111896,262075,689663,599923,1181261,3718698,629147,426467,1080684,238280,1635256,964834,1047162,229818,1006715,154943,393666,754566,174200
154,1983,NA_1983,NA,0,458194,381533,0,0,504013,410974,363601,319587,0,1128473,0,606277,321159,1047436,0,390031,0,0,0,3705512,0,0
155,1707,NA_1707,NA,592494,442628,0,182286,0,194116,0,163822,367560,875915,0,254330,3054989,0,478349,812494,0,197370,193807,0,0,713573,250695
156,1700,NA_1700,NA,248262,314474,0,0,0,0,1398968,621609,1140962,3667226,301735,274652,1585289,0,1614750,632609,952634,0,1183791,0,304192,876012,346476
157,684,NA_684,NA,2022045,263281,3357062,381530,178519,294834,782841,600829,0,0,359705,0,168972,269284,0,1092637,1594155,400538,0,0,255870,2386460,809239
158,1002,NA_1002.158,NA,54157,0,329546,0,406545,644947,103155,591131,0,0,300602,0,393862,96903,0,130796,71393,100036,0,0,1314856,3490392,37966
159,888,NA_888.159,NA,0,0,0,0,0,0,0,0,378155,2259180,0,1689221,0,0,2477852,0,0,0,1837125,1613074,0,0,0
160,1201,NA_1201,NA,601323,0,0,387682,862069,0,2977365,486640,3541674,440093,666585,0,1162960,824654,717159,442903,659466,850745,708011,924517,1444381,831368,1890916
161,1150,NA_1150,NA,86853,46411,48625,19859,30464,1774976,30332,7377,0,10388,91304,40397,244565,108189,33086,68651,35117,46238,68701,302229,3313011,41368,79711
162,2197,NA_2197.162,NA,0,3502016,136641,0,0,0,141077,0,112181,168828,0,217440,142404,306422,0,0,0,0,108466,133899,1660321,0,0
163,888,NA_888.163,NA,0,0,0,0,0,0,0,0,392363,2001134,0,1514864,0,0,2413250,0,0,0,1621858,1385392,0,0,0
164,1184,NA_1184,NA,0,752522,888429,0,0,1253690,0,0,2007184,1423123,0,924165,0,1934821,1196314,951797,0,2106757,0,0,0,0,3467989
165,1495,NA_1495,NA,120704,298563,0,97215,162512,990897,3035762,0,0,142979,1756946,279823,1866292,0,0,537458,301997,177254,2287140,122219,268877,331345,0
166,1441,NA_1441,NA,605516,1428855,1155922,664513,0,730787,1380358,0,504638,2181495,462222,1208594,1355655,0,1929222,1094520,524843,597916,634381,527379,3122337,1035467,1376979
167,902,NA_902.167,NA,0,0,0,0,0,0,0,0,0,683786,178241,106951,0,0,2331885,0,0,0,375536,372233,0,2385877,0
168,1821,NA_1821,NA,0,185991,797721,164619,0,2850269,170030,0,0,0,115273,0,176417,255190,0,0,0,140235,0,0,2031154,215926,0
169,1085,NA_1085,NA,20458,0,0,0,8859,1657569,6581,0,0,0,31857,0,0,15818,0,20420,12352,10437,0,0,2164070,30613,23553
170,1276,NA_1276.170,NA,1014139,0,0,0,0,2353897,759193,0,1825610,935220,731283,762972,0,852038,843006,0,0,1687998,1010270,1103264,3080371,637570,578721
171,1359,NA_1359,NA,399102,0,0,0,0,1636644,777259,0,0,0,0,0,2899856,304399,0,584149,383814,504866,928583,0,1881056,398168,0
172,1709,NA_1709.172,NA,224917,304638,259900,0,759083,252954,1068705,514596,0,3254878,903016,413694,2235220,0,2720330,438490,235508,289485,520861,0,1013839,719510,274459
173,1531,NA_1531.173,NA,221358,484414,1106631,208740,896231,332309,853984,365011,399665,0,2129722,749167,2588439,0,924519,0,0,257457,389418,845443,234900,1688482,221598
174,1091,NA_1091.174,NA,1722673,0,0,0,68978,338940,125655,0,0,0,194468,0,0,64527,0,50740,20096,191756,0,0,1169160,50297,60051
175,1137,NA_1137,NA,754336,0,0,0,2152346,637089,135479,0,0,0,1103750,0,0,49149,0,107411,63777,972658,0,0,1315413,612663,2479261
176,1135,NA_1135,NA,249781,0,0,0,9458,1592649,220208,0,0,0,32735,0,0,302314,0,196357,394953,991160,0,0,2741590,9243,935317
177,1284,NA_1284,NA,21296,74379,11736,16095,81530,514091,327334,25328,1260300,539649,340486,523399,54871,29621,155415,25102,25269,3091620,458849,589105,1675296,256127,334756
178,1586,NA_1586,NA,518875,571140,454062,673277,402138,1074099,486726,308937,374928,557713,0,521973,547799,630070,844723,605437,1043353,417759,372542,439020,2142223,552043,873577
179,1585,NA_1585,NA,0,310729,217374,199950,402138,0,303987,0,0,0,195554,0,451173,198898,0,0,129933,417759,1625390,0,2142223,552043,873577
180,1200,NA_1200,NA,1192489,804288,0,121488,65476,0,58141,443154,1571973,302561,423614,102589,671416,119077,1142099,115509,296993,884554,413811,341215,1171668,134371,447311
181,1418,NA_1418,NA,432609,433596,670782,159853,256825,192778,175953,55463,209338,2046572,61991,821938,0,241966,1995328,795544,536727,417172,444872,204191,166732,1109937,197954
182,1680,NA_1680.182,NA,0,159943,249609,139026,378633,261111,0,211771,0,298263,242773,1540235,310063,547002,0,247108,332991,179339,146245,510250,360894,307904,519344
183,1671,NA_1671.183,NA,0,228684,0,144185,171329,934568,579283,0,0,151788,2536182,113407,2272695,129964,0,120911,116296,0,984939,146598,229127,147848,230361
184,1041,NA_1041.184,NA,0,304491,260875,1978167,0,1631590,0,1373546,0,0,189698,0,0,269073,1587468,0,0,0,0,0,1358171,0,225911
185,1032,NA_1032,NA,328039,0,0,0,191137,2334435,158665,0,0,0,57941,0,0,205247,0,361966,195377,981621,0,0,1834233,399395,230669
186,958,NA_958.186,NA,842902,0,0,0,95483,2297731,96330,0,0,0,192424,0,0,310487,0,112501,139731,473743,0,0,605439,309958,278165
187,1098,NA_1098,NA,340000,0,0,0,26476,1466711,137738,0,0,0,177310,0,0,97623,0,66801,422076,16933,0,0,2595598,17006,62450
188,1272,NA_1272.188,NA,0,0,0,0,0,2776096,0,0,947670,240569,254693,420056,0,328408,0,0,0,0,244855,474487,2606738,328230,0
189,1265,NA_1265,NA,0,0,310160,0,357941,1554960,1524419,1386582,0,0,724526,468337,434016,0,0,0,265703,284438,403544,0,1612806,692652,0
190,949,NA_949.190,NA,0,548422,606911,1705506,143922,0,0,254132,0,857784,445072,1475139,778253,0,924454,0,0,611121,973770,445100,477407,685139,1172597
191,1100,NA_1100.191,NA,131786,0,0,0,45885,244243,66399,0,0,0,87318,0,0,15432,0,145959,15520,49619,0,0,2525008,528284,239199
192,1177,NA_1177,NA,128904,0,0,0,179390,991468,148287,0,239117,0,1349557,210727,52080,368275,134037,1769325,0,75577,296383,359261,532430,138849,132157
193,1217,NA_1217,NA,252036,0,0,0,19644,189081,164114,0,18090,28387,44073,135883,0,82750,9231,14328,18639,204205,186371,254492,1368370,187877,810859
194,1099,NA_1099,NA,130353,0,0,0,39412,139856,42292,0,0,0,438124,0,0,20514,0,14674,137596,38436,0,0,2465136,1020616,268411
195,730,NA_730,NA,1458961,0,0,0,72990,424321,1631912,0,0,0,450454,0,0,134524,0,20432,13938,61792,0,0,434187,1340089,92182
196,1213,NA_1213,NA,42191,0,0,0,13954,869456,60774,0,31957,0,73562,0,0,12873,0,22545,203154,272861,0,0,430540,30193,1279418
197,958,NA_958.197,NA,1495492,0,0,0,76175,316924,817283,0,0,0,1080829,0,0,624346,0,194751,214521,2285400,0,0,502119,1308272,41022
198,951,NA_951,NA,0,0,0,0,139902,0,0,0,31774,1120052,83687,1234118,0,0,2500680,0,0,290957,183331,157135,120669,0,1557529
199,1478,NA_1478.199,NA,177281,0,0,0,157594,604813,1267335,145442,289578,239026,2047864,322018,1327264,183316,580537,266921,0,0,193428,343575,248206,0,0
200,1711,NA_1711,NA,89421,317271,0,132327,591847,445689,83838,0,0,2429319,594580,189164,286455,114177,1151875,131607,0,398925,2190988,581672,165497,0,0
201,1296,NA_1296,NA,0,0,0,309641,0,663989,401847,0,0,0,2197221,0,699188,0,0,524195,0,0,700367,0,523582,0,292573
202,1697,NA_1697,NA,705163,508641,0,365660,360074,266050,515146,248879,743070,2412890,1027633,308694,1240654,188779,1071693,199289,372193,1224933,809465,0,583604,1376525,667791
203,1446,NA_1446.203,NA,444588,592730,109081,375202,178881,112561,0,0,133043,1733120,130071,941370,832981,233896,1565492,0,0,904174,464741,392360,359305,1483605,326689
204,1528,NA_1528,NA,0,0,1006534,0,948041,204365,288729,234443,0,330941,922781,1190752,385513,1301795,0,0,1497205,489072,0,231865,1043559,0,247113
205,1687,NA_1687,NA,0,0,620310,437869,531930,631257,681782,524826,506730,2378272,815332,0,1516383,586107,2016104,555081,0,0,755281,0,547272,719389,406139
206,1665,NA_1665,NA,0,315277,0,210448,0,306408,665236,0,0,152390,2117682,0,1413647,0,139355,219039,161356,0,651404,0,262807,192751,0
207,1153,NA_1153.207,NA,39957,0,56377,142909,69516,847798,606098,9012,0,0,20932,0,179083,74675,0,100904,14890,8684,0,0,818831,207507,45144
208,1531,NA_1531.208,NA,0,184109,562005,0,579665,175084,322437,345586,0,667813,267066,300156,902295,1276077,0,545938,1838389,0,0,459857,303311,0,208838
209,1531,NA_1531.209,NA,410462,274796,447401,163142,722609,586731,428048,160933,0,137893,466880,382400,1107091,1287734,444874,539672,1828925,198745,176873,242860,149702,110187,206036
210,1369,NA_1369.210,NA,0,0,0,0,0,1182793,273984,0,503669,288458,2118784,970832,589721,0,308062,0,0,306850,339315,286647,418309,0,0
211,1000,NA_1000,NA,116707,0,0,0,968306,833015,0,0,144251,0,1673505,35586,0,82855,0,59668,54817,245569,216308,80990,813134,119373,181925
212,1386,NA_1386.212,NA,436904,0,318850,0,686466,662090,596735,0,322572,636720,1326229,720192,0,396152,0,344812,512774,498467,0,477386,374927,0,272131
213,1675,NA_1675.213,NA,154522,241621,355357,156765,330335,360595,882365,410795,0,178168,480588,413682,1257056,960753,161222,584256,736458,144727,430001,1659911,468366,0,285444
214,1952,NA_1952,NA,64580,1113960,340054,201290,856314,0,0,244116,0,0,1087635,0,646600,200371,0,93965,0,1524079,0,0,1419730,606255,12717
215,1464,NA_1464,NA,141268,369061,0,138392,0,392449,671620,117310,172867,0,2097468,173831,945094,0,253633,149086,134974,158091,506376,127223,247297,241340,429985
216,1951,NA_1951,NA,0,628074,193118,194417,1161067,0,0,469736,0,0,831347,0,1152261,0,0,0,0,1163525,0,0,131010,480763,1262783
217,1747,NA_1747,NA,491288,647303,1188217,863750,604425,0,812437,734767,2006259,1456082,629076,0,1065472,0,1320511,893380,450237,415031,0,0,1194617,960806,0
218,1145,NA_1145,NA,27845,0,0,0,29476,467452,32446,0,0,0,161054,0,0,33677,0,36228,22275,126266,0,0,520580,117311,322273
219,888,NA_888.219,NA,0,0,0,0,0,0,0,0,189982,1257358,0,1030469,0,0,1561280,0,0,0,1057696,934860,0,0,0
220,1666,NA_1666,NA,426032,0,0,324716,0,257283,1368870,265170,0,0,429625,0,1289454,277157,0,0,271241,514165,270050,0,435207,1251570,735090
221,1421,NA_1421,NA,346546,0,0,332596,164861,175534,170240,181929,263771,1469568,0,671656,0,307341,1366166,593518,472859,181618,231118,284017,226181,724924,206599
222,1233,NA_1233,NA,192090,0,0,0,18744,625312,104101,0,0,0,130565,0,0,751455,0,7194,7173,8603,0,0,1423537,8596,48305
223,1574,NA_1574.223,NA,54846,265758,66510,55154,166187,335760,266512,0,0,1019370,1992781,671977,762656,0,53605,87806,64243,175036,727711,173716,165080,334630,0
224,1356,NA_1356.224,NA,32884,0,0,0,191174,430735,398482,0,0,0,1938954,0,0,112197,0,213562,187213,77967,0,0,989131,100460,822029
225,1138,NA_1138,NA,94449,0,0,0,17983,786990,23263,0,0,0,150641,0,0,126631,0,178551,135901,721563,0,0,420827,588293,1025664
226,1067,NA_1067,NA,9721,0,0,0,892965,1396734,0,0,0,0,118294,0,0,26088,0,19353,59359,53790,0,0,1913641,23403,62308
227,1686,NA_1686,NA,162209,193424,152766,186723,108969,518310,1163329,105054,158667,160373,626785,84130,1197492,115988,99565,120147,128774,108096,1030538,106592,209001,165595,96054
228,1478,NA_1478.228,NA,254251,494985,630482,0,1083090,310281,807329,0,364875,0,640354,0,1672472,0,0,0,480483,0,415943,523914,0,484041,0
229,1467,NA_1467,NA,0,419448,0,303994,199887,0,222682,0,248717,0,1455239,0,665013,0,0,0,244203,0,363205,0,428903,0,326649
230,973,NA_973.230,NA,0,0,640832,370220,0,1148001,1046997,212226,0,199525,237562,225914,265740,0,250631,0,327632,244137,529623,408638,256390,0,512078
231,1597,NA_1597,NA,336672,517873,0,367732,375651,1056003,920631,0,343533,277199,715109,333467,1483193,290172,0,648590,536044,0,802224,0,377733,472639,0
232,1148,NA_1148.232,NA,24339,0,0,0,9016,262607,77101,0,0,0,114756,0,0,46620,0,9115,15409,80829,0,0,1767781,25259,41030
233,1524,NA_1524,NA,257107,166654,300119,0,556963,128529,483965,0,0,215441,585497,366848,1011354,1005959,168647,307044,1456750,382412,496583,205162,174266,964485,153641
234,1565,NA_1565.234,NA,127108,342834,0,132328,0,329338,294440,0,356613,544488,1786347,757992,576689,99738,572281,197841,169318,509125,830245,171941,214739,446872,116618
235,1835,NA_1835.235,NA,280258,951548,324183,0,439747,255221,242600,440793,0,184135,344525,1210025,824592,1227936,218852,280840,1394948,0,0,0,575046,0,280055
236,1505,NA_1505,NA,803665,293717,0,0,282391,1157172,1327900,0,0,173915,1779782,223388,1303757,240903,0,448073,355173,189003,1039162,0,197099,173326,174232
237,1583,NA_1583,NA,0,379436,250664,318214,247124,0,434902,0,284331,0,0,0,294579,0,940541,0,355756,0,1366591,0,1821090,249658,540021
238,1635,NA_1635.238,NA,442188,716357,618857,0,248347,340284,1281045,0,0,454040,421570,297685,323243,315412,0,295932,274600,303269,316781,0,388079,1323327,430538
239,1227,NA_1227,NA,38670,0,0,0,43279,89761,13591,0,0,0,41403,0,0,24539,0,0,29072,55564,0,0,1743288,52238,8406
240,1823,NA_1823,NA,0,327289,395661,165312,0,264380,206507,154026,0,0,328799,288548,438122,951374,323192,0,675377,189930,0,169742,185570,305361,332083
241,1253,NA_1253,NA,279604,192304,0,0,0,591844,225570,330005,0,0,207436,0,0,264029,0,266368,165584,203553,0,0,1714188,0,173038
242,1129,NA_1129.242,NA,36522,0,0,0,77624,455359,64898,0,0,0,20550,0,0,68767,0,231246,19429,147046,0,0,1580533,329785,228682
243,989,NA_989,NA,210436,0,0,0,25568,1480560,245993,0,0,0,53212,0,0,255566,0,1055059,279496,24639,0,0,650905,282537,45988
244,733,NA_733,NA,1369247,0,0,0,111797,528136,1043976,0,0,0,64596,0,0,101658,0,18066,594587,366372,0,0,728731,37824,1136983
245,1444,NA_1444.245,NA,265615,370560,613749,0,159789,0,646105,206790,308058,0,227302,0,345213,0,1459415,271817,415015,310435,523223,401693,432709,622939,397981
246,1675,NA_1675,NA,258129,187743,284144,272233,455564,395227,1337988,225597,0,209415,464832,243409,819151,747777,210038,220738,1013295,0,292074,193008,303345,225423,209879
247,1228,NA_1228,NA,0,0,0,0,875709,0,11318,0,0,0,91222,0,0,18225,0,0,0,90003,0,0,6377,53347,66285
248,1128,NA_1128,NA,295851,0,0,0,327045,465588,30819,0,0,0,486420,0,0,168203,0,49903,98603,130379,0,0,79356,115853,157755
249,1570,NA_1570,NA,210550,443645,268853,82237,106636,75033,181039,112388,160313,828041,315939,483463,97864,168760,743390,257536,218291,275740,266359,298392,149198,950747,1341499
250,2120,NA_2120,NA,26152,867240,74302,143317,60573,19575,73492,123090,0,0,98120,0,722152,141591,0,38760,105427,46117,0,0,279304,155095,111670
251,1327,NA_1327,NA,9987,111373,5508,285529,12270,816667,9719,5893,59499,15797,24450,10462,314798,20557,6843,26034,9257,11907,30758,210306,1244045,11405,15399
252,1635,NA_1635.252,NA,0,0,0,778225,0,348775,0,0,0,430758,420532,0,720848,0,0,0,0,0,292993,359753,300912,453432,1272713
253,1136,NA_1136,NA,55195,0,0,0,345503,527058,23568,0,0,0,381663,0,0,16348,0,14503,17330,229737,0,0,922759,118293,964171
254,1474,NA_1474,NA,245379,119543,573840,130505,160814,294435,778582,0,304545,0,1157602,86663,303664,251201,0,170159,165449,237081,384768,136671,550852,159669,359645
255,1216,NA_1216,NA,0,0,0,0,102171,1353766,194150,0,0,0,195912,0,0,0,0,309253,0,23460,0,0,1115276,186084,9440
256,841,NA_841,NA,27302,0,0,0,190949,798173,55054,0,0,6332,121339,33275,0,905688,27291,17440,104538,15850,47705,650695,639430,136431,560738
257,1105,NA_1105,NA,402826,0,0,0,100567,0,0,0,0,0,337666,0,0,7108,0,0,313374,107182,0,0,1037484,568979,132273
258,1446,NA_1446.258,NA,480535,599079,544157,327652,0,283387,649121,0,0,0,0,0,710925,361810,1548997,689633,377461,602770,496369,318850,266362,927247,0
259,1262,NA_1262,NA,82996,131855,0,0,151255,1105817,273621,0,0,0,593909,137610,341472,0,0,71217,93243,222248,98699,0,1428511,181254,167272
260,1254,NA_1254,NA,9423,0,0,0,57680,115867,25471,0,0,0,1242081,0,0,163333,0,6059,75029,150606,0,0,981985,41564,171072
261,1647,NA_1647,NA,132642,0,205835,431277,206339,145502,539884,0,0,274237,453343,0,1164436,0,0,203842,135548,366505,352824,0,149684,886011,506012
262,1756,NA_1756,NA,444225,411670,334870,0,0,678790,1039624,454961,0,1529029,0,401046,335056,514341,385028,976464,487174,0,0,302812,1014355,995153,0
263,1677,NA_1677,NA,118636,135012,135741,202143,0,215373,1191213,124339,0,123001,353791,200508,478082,123813,0,199531,217365,0,534499,0,355152,226593,168078
264,1462,NA_1462,NA,0,557920,145354,0,0,228760,294282,0,0,0,1463336,0,377273,0,0,0,311649,129455,118665,175402,318582,143514,156765
265,1274,NA_1274,NA,104961,0,0,0,275339,815130,279871,0,0,0,382160,13723,0,245277,0,74987,135198,103609,68097,131825,1310696,570203,95866
266,1038,NA_1038,NA,135296,0,0,0,41642,1044872,8509,0,0,0,123384,0,0,20797,0,251775,11264,125070,0,0,1119179,230562,23522
267,1049,NA_1049,NA,28253,199660,155254,1423000,25591,604366,177831,982360,0,19619,45486,16776,243749,41904,0,40647,19082,0,245807,19041,450724,41935,259832
268,1263,NA_1263.268,NA,44630,0,0,0,195208,968651,214538,183895,0,0,494333,0,0,84779,0,58807,54307,144310,0,0,1393050,126500,114442
269,1545,NA_1545,NA,389621,378623,0,258892,410535,528242,455601,0,0,420299,1024603,553382,427619,596490,1460036,320969,556513,237191,0,374553,435757,212002,0
270,1569,NA_1569,NA,235027,302911,312055,0,201500,314831,387130,0,171308,461282,0,290022,0,135039,308426,203902,270535,691034,344671,180926,490684,782269,596723
271,1242,NA_1242,NA,110191,28264,40400,0,643875,736134,51913,0,0,0,46874,0,314794,26410,0,14112,29245,28155,0,0,1238366,203105,69194
272,1377,NA_1377,NA,0,0,0,0,570610,402974,0,0,0,779025,1124687,387844,0,0,0,0,1298733,783213,0,353539,804877,0,0
273,1124,NA_1124,NA,8297,0,0,0,57088,974957,44043,0,0,0,75220,0,0,29007,0,27063,0,0,0,0,185469,47671,144659
274,1192,NA_1192.274,NA,135742,0,8515,0,22836,1243209,272398,0,98931,0,1349723,133060,0,0,417198,94674,149021,299037,98556,21557,291233,37188,16185
275,1681,NA_1681,NA,0,250012,0,0,0,235614,889177,274721,0,301595,415136,1293928,881457,496323,0,0,484287,0,752574,0,0,0,0
276,1957,NA_1957,NA,0,387566,156443,78138,421138,0,0,164392,0,0,297288,0,116992,0,0,0,0,491773,0,0,325311,364952,1005770
277,1561,NA_1561.277,NA,242341,300089,318486,261487,225420,239740,370866,0,0,0,1028320,195524,971625,185706,265627,278716,211824,337772,194693,0,215356,284435,223747
278,1820,NA_1820.278,NA,0,1274404,0,0,0,0,312288,168532,0,0,0,273212,252487,201863,209115,0,252015,0,0,0,571649,0,175632
279,1283,NA_1283,NA,0,0,0,0,38875,239587,0,0,0,0,37610,0,0,0,0,44978,9614,728823,0,10063,1181285,105451,226211
280,1372,NA_1372,NA,226281,0,0,0,464010,977140,152462,0,147922,683009,1107266,277295,0,333704,217506,260772,511689,783551,253340,0,1005629,182570,826337
281,1239,NA_1239,NA,0,0,0,0,20255,618850,0,0,0,0,1129744,0,0,0,0,0,0,712295,0,0,528453,492167,233356
282,1024,NA_1024,NA,188404,0,0,0,45802,807850,299789,0,0,0,481288,0,0,202092,0,52610,165045,50766,0,0,684480,232113,521878
283,1082,NA_1082,NA,204836,0,0,0,149703,985414,282732,0,0,0,67275,0,0,13748,0,79692,441875,57562,0,0,0,64478,58287
284,1600,NA_1600,NA,319201,270631,0,0,346443,974916,866402,0,0,0,741550,0,799356,272452,0,599485,489735,0,378083,0,379994,349444,0
285,1325,NA_1325,NA,46142,0,0,0,37408,407061,7162,0,181114,0,41835,9042,0,35049,6622,18543,22000,27314,14173,5782,945308,20715,53809
286,1370,NA_1370,NA,88136,0,0,0,81518,773945,131406,0,0,190902,969431,0,0,199165,154548,137655,55641,290841,0,0,307915,129770,189413
287,1954,NA_1954,NA,0,78993,155799,78930,439926,0,0,88572,0,0,269290,0,159976,0,0,0,0,421417,0,0,685430,338429,910831
288,973,NA_973.288,NA,0,97630,882972,192610,0,0,0,174231,0,71980,0,0,240036,0,457004,0,0,0,276757,98613,0,0,0
289,1369,NA_1369.289,NA,117406,0,0,0,114293,252600,236273,0,0,0,935426,0,0,17387,0,54655,243865,182216,0,0,565775,137329,184860
290,1588,NA_1588,NA,0,294592,0,467251,0,623047,600598,0,0,0,652588,0,896563,0,348112,0,0,0,393000,0,377612,0,0
291,1091,NA_1091.291,NA,560374,0,0,0,135649,821526,118187,0,0,0,83222,0,0,48382,0,206294,50751,159240,0,0,448262,73943,76889
292,1148,NA_1148.292,NA,0,0,0,0,41914,607008,0,0,0,0,53525,0,0,9638,0,0,0,26604,0,0,872609,79966,180393
293,1386,NA_1386.293,NA,311462,160116,0,0,614395,506774,169373,0,150160,135199,622137,282990,0,318414,128170,343894,511185,398067,228759,198633,301208,170212,274636
294,1170,NA_1170,NA,18746,0,0,0,44415,924334,271471,0,0,0,190998,0,0,143789,0,60117,16644,37564,0,0,451569,33001,46774
295,1159,NA_1159.295,NA,53171,59272,0,37888,61248,141259,114677,0,0,0,25275,0,89678,131695,0,45249,20686,79518,0,0,973010,53966,54795
296,1097,NA_1097,NA,211765,0,0,0,24706,105143,34021,0,0,0,661450,0,0,0,0,5712,28249,31261,0,0,655442,31616,68292
297,1560,NA_1560.297,NA,0,240854,297080,0,0,261680,331641,0,0,0,816573,340325,450514,194153,0,315713,278589,432602,0,0,214454,340042,241341
298,1249,NA_1249,NA,165626,0,0,0,72683,447412,92772,0,0,0,65878,0,0,0,0,119817,92554,23960,0,0,548328,90578,91936
299,1271,NA_1271,NA,54169,0,0,0,141922,578724,55607,0,0,0,117961,0,0,123567,0,26795,53295,85096,36492,0,947561,317803,54933
300,1444,NA_1444.300,NA,0,206977,204974,0,0,230864,0,0,0,0,0,0,465913,0,0,0,0,0,536950,473862,999497,299003,208019
301,1461,NA_1461,NA,99764,0,62815,61601,118248,444395,211327,14886,0,74742,982165,0,72525,18780,0,16770,84876,113985,0,0,576966,171571,122054
302,1086,NA_1086,NA,28598,0,0,0,44271,798150,20154,0,0,0,37106,0,0,322852,0,227423,47682,0,0,0,0,0,20254
303,1093,NA_1093,NA,208379,0,0,0,63121,794365,101256,0,0,0,685277,0,0,193588,0,77719,21186,76932,0,0,335858,239126,0
304,1718,NA_1718,NA,0,0,0,0,419820,235335,628680,0,218997,361127,263246,0,663297,0,311790,0,0,0,0,247930,247200,0,0
305,1460,NA_1460,NA,247440,0,70123,44475,79352,230803,67672,0,0,64071,926687,0,0,184427,0,13934,218137,165479,0,0,675311,227432,481992
306,1371,NA_1371.306,NA,0,0,0,0,43788,311096,191418,0,0,0,947359,0,0,0,0,186795,0,193374,0,0,698413,183887,111560
307,1385,NA_1385,NA,239219,0,0,0,506903,935418,295731,0,106506,340185,430368,454070,0,299683,0,326804,445507,347203,207061,208808,547954,380558,337123
308,1321,NA_1321,NA,10085,0,35163,12137,22861,516558,359478,0,0,0,45009,0,0,75534,0,43884,18703,21467,0,0,634784,9437,11483
309,2397,NA_2397,NA,31971,142668,12411,21509,37561,13281,76154,24102,0,0,94784,0,43532,0,0,0,24129,57295,0,0,219062,141476,21955
310,1272,NA_1272.310,NA,32514,0,0,0,105868,349580,37079,0,0,0,160121,0,0,158472,0,11602,0,71087,0,0,782760,314033,64104
311,1825,NA_1825,NA,107756,0,0,0,0,721615,222292,0,0,0,226593,0,0,224353,0,0,0,131162,154381,0,527276,0,0
312,1533,NA_1533.312,NA,132776,0,0,0,161162,337692,211226,0,35022,0,345959,114442,0,81479,0,138581,222578,104847,0,210716,107391,186174,610541
313,1183,NA_1183.313,NA,391745,0,0,0,65061,885695,69848,0,0,0,84333,0,0,325222,161061,127191,380883,36850,0,128306,343564,45802,177670
314,1160,NA_1160,NA,41400,0,0,0,42016,639505,34441,0,0,0,576614,0,0,63080,0,23411,35925,92156,0,0,857907,37289,102478
315,1096,NA_1096,NA,861580,0,0,0,17299,279456,0,0,0,0,237042,0,0,739686,0,0,35027,70374,0,0,473802,124666,400490
316,1435,NA_1435,NA,163033,785558,306153,500463,0,239501,131761,0,0,0,139673,433870,157871,136077,414174,152853,299833,144651,0,298394,146417,241358,0
317,1387,NA_1387.317,NA,191578,0,0,0,299901,166198,0,0,114644,0,530515,279813,0,254315,0,151788,225155,212500,0,0,197721,0,414378
318,1864,NA_1864,NA,113903,0,0,0,125474,766635,200211,0,0,0,70814,0,0,98802,0,33023,82041,41064,0,0,287901,75315,122071
319,1835,NA_1835.319,NA,122194,0,0,0,166207,646692,329484,0,33678,93269,129803,112928,0,60467,102278,97380,128810,61342,295095,57563,401890,121719,118980
320,1157,NA_1157.320,NA,18486,0,0,0,61641,317572,20980,0,0,0,411851,0,0,34182,0,13281,29795,39757,0,0,863109,56817,45680
321,1832,NA_1832,NA,109681,0,0,0,148337,361549,521590,0,15259,40911,99614,22909,0,186691,26129,65012,284518,108429,183303,18941,228173,102561,109769
322,2984,NA_2984,NA,0,34746,0,0,43084,0,0,24161,0,0,29501,0,19195,0,0,0,0,15127,0,0,25665,5746,19165
323,1833,NA_1833,NA,196999,0,0,0,121172,245936,183510,0,0,0,141160,10294,0,367438,0,84121,723003,78680,0,0,326207,88327,134514
324,1871,NA_1871,NA,132855,0,0,0,242254,149385,465012,0,0,0,63269,0,0,274374,0,95877,365555,56350,0,0,491728,166557,214478
325,2655,NA_2655,NA,10536,88658,0,13070,0,40893,52113,12622,0,0,0,0,420549,16652,0,8261,19296,0,0,0,0,0,0
326,1834,NA_1834,NA,75850,0,0,0,76391,420929,34122,0,0,0,40805,0,0,345496,0,56599,457743,126975,0,0,356513,35602,227728
327,1190,NA_1190,NA,0,0,0,0,71966,538983,0,0,0,0,153915,0,0,0,0,0,233631,71770,0,0,728642,30901,38728
328,1466,NA_1466,NA,5261,0,0,0,128538,93428,13255,0,0,0,789509,0,0,234974,0,107947,92665,371070,0,0,482632,417814,394872
329,1529,NA_1529,NA,46747,0,0,0,147615,216586,148190,0,0,0,555310,0,0,314902,0,100810,380101,40163,0,0,242886,341922,89867
330,1199,NA_1199,NA,0,0,0,0,7254,0,0,0,202686,294114,348653,106037,0,0,175516,0,0,117134,497608,149197,385314,22116,305246
331,2662,NA_2662,NA,18724,132645,0,13118,0,47404,244585,25096,0,0,0,0,399497,12699,0,9436,14275,0,0,0,0,0,0
332,1304,NA_1304,NA,10375,25078,16647,14640,31598,0,54162,20207,0,0,156384,0,20263,106203,0,24515,0,114830,0,0,402359,158539,309358
333,1744,NA_1744,NA,103929,98555,0,34377,134634,499837,103287,0,0,770107,152764,326486,0,42338,229906,33862,147252,199149,139178,0,69606,374814,223970
334,1442,NA_1442,NA,63945,111227,40268,0,91658,71047,384174,26545,0,0,223710,0,126144,125175,0,169732,238344,408758,0,0,164751,762452,290374
335,1807,NA_1807,NA,106008,370360,0,0,0,150661,254593,0,0,0,274167,198795,0,235656,0,137455,488572,0,0,0,0,165578,0
336,2304,NA_2304,NA,32909,97330,6979,11201,17854,41473,66821,28337,0,0,29087,0,37887,120182,0,6391,37302,41778,0,0,81366,126511,81960
337,2309,NA_2309,NA,16603,292530,9925,6419,9221,195064,173584,15468,0,0,45261,0,41149,27214,0,17622,9153,27566,0,0,54523,102337,62820
338,1465,NA_1465,NA,0,0,0,0,61384,191590,24709,0,0,0,532314,0,0,0,0,71098,57684,317449,0,0,574215,302013,172863
339,1251,NA_1251,NA,0,0,0,0,384194,240557,0,0,0,0,451615,0,0,0,0,0,0,189106,0,0,161627,97688,88199
340,1927,NA_1927,NA,46945,0,0,0,178591,234883,173951,0,0,0,203846,0,0,110022,0,498734,87075,120475,0,0,92857,100437,229596
341,2342,NA_2342,NA,7417,372698,18643,11094,11195,13820,34343,30227,0,0,36733,0,167551,0,0,0,10458,30694,0,0,24943,17878,8642
342,883,NA_883,NA,15609,0,0,0,12757,84536,49836,0,592660,0,73727,11903,0,20726,564348,29541,210636,29439,0,104362,170648,36867,12739
343,1263,NA_1263.343,NA,0,0,0,0,151120,0,13879,0,0,0,610742,0,0,9031,0,10360,7566,125525,0,0,549900,228520,102748
344,1860,NA_1860,NA,24079,0,0,0,451128,333443,405060,0,0,0,101531,0,0,137110,0,66334,55769,99532,0,0,406517,114774,244746
345,1502,NA_1502.345,NA,38955,0,0,0,137413,63942,269131,0,0,0,360965,0,0,291814,0,21296,600975,70778,0,0,347946,240694,111050
346,1560,NA_1560.346,NA,121839,111897,152612,0,206425,0,199830,106496,0,0,215398,0,193859,0,0,0,102728,259492,0,0,470215,312740,198169
347,1291,NA_1291,NA,13214,0,0,0,18345,74848,6630,0,0,0,222695,0,0,71046,0,16730,22940,345122,0,0,350656,43403,532725
348,1392,NA_1392.348,NA,51005,0,0,0,303462,89803,97245,179495,16320,23593,396370,0,0,83556,16864,57987,139214,204200,39048,30669,312316,131971,217729
349,2302,NA_2302,NA,20541,98927,0,0,7770,0,58388,0,0,0,10241,0,6120,0,0,0,0,10592,0,0,28309,23277,14943
350,1384,NA_1384,NA,26886,0,0,0,365490,0,0,0,0,0,275464,0,0,43407,0,0,30979,176017,14915,0,365288,423549,354662
351,1455,NA_1455,NA,0,0,0,0,107631,0,299064,0,0,0,485240,0,0,0,0,0,0,47032,0,0,122174,205363,90474
352,1602,NA_1602,NA,0,149927,0,121160,0,370210,178767,0,102114,108811,0,113675,118777,68172,177534,92163,199049,94133,182444,0,373496,217194,158338
353,1817,NA_1817,NA,39313,0,0,0,122350,494136,381630,0,0,0,42272,0,0,70104,0,49901,91230,71128,0,31645,183525,155998,239207
354,1559,NA_1559,NA,105851,0,25509,0,66883,160816,262630,0,0,0,576790,0,0,30025,0,107239,39210,304567,0,0,153620,279771,73719
355,1872,NA_1872,NA,195076,0,0,0,126587,476933,340046,0,0,0,48342,0,0,104521,0,18719,141120,35535,0,0,174444,148469,112389
356,1582,NA_1582,NA,172025,88489,0,54185,93417,266854,351158,0,0,0,435629,0,72765,110523,0,120782,68417,175124,0,0,115931,371824,262444
357,1389,NA_1389.358,NA,54699,0,0,0,293692,137686,70956,0,0,0,322393,0,0,0,0,0,0,193086,0,0,222538,313931,123199
358,1332,NA_1332.358,NA,7221,0,0,0,188108,124252,395361,0,0,0,148754,0,0,49937,0,0,51843,13418,0,0,433329,90522,22702
359,1534,NA_1534,NA,175450,0,0,0,0,189360,223198,0,0,0,253171,0,0,178999,0,126094,365550,120930,0,0,140008,363213,21660
360,1298,NA_1298,NA,0,456595,0,0,175334,0,46987,0,0,0,53174,0,0,0,0,0,0,32399,0,0,434517,75976,86910
361,1840,NA_1840,NA,50098,0,0,0,181050,326730,309529,0,0,0,51347,0,0,117368,0,53049,212122,73479,0,0,315706,47261,113478
362,1717,NA_1717,NA,148464,0,0,0,323464,180136,340259,0,42334,150146,224023,29170,0,66352,75652,243931,214542,77455,98225,111746,110894,354109,41851
363,1856,NA_1856,NA,38771,0,0,0,394812,391975,315843,0,0,0,102923,0,0,103271,0,49693,398167,83022,0,0,81367,115941,40128
364,978,NA_978,NA,0,0,0,0,499572,192981,0,0,0,0,111488,0,149949,0,0,0,71261,108532,0,147579,222174,56394,129620
365,1502,NA_1502.365,NA,0,0,0,0,30976,13036,0,0,0,0,20833,0,0,35018,0,0,0,96533,0,0,369137,192696,83259
366,2300,NA_2300,NA,7555,304497,0,0,15592,0,46690,0,0,0,16400,0,67122,0,0,0,0,21140,0,0,56411,66586,39493
367,1799,NA_1799,NA,58587,0,0,0,113892,189324,344678,6242,0,0,33664,0,0,67906,0,274997,198298,44006,0,0,142559,71164,79900
368,1702,NA_1702,NA,75132,0,0,0,121106,121013,423675,0,23271,0,203102,0,0,43354,51070,106880,228362,46396,0,196847,102853,95920,44085
369,1894,NA_1894,NA,105680,0,0,0,36216,89788,328803,0,0,0,108251,0,0,63139,0,89457,45779,22268,0,0,278903,114267,80869
370,1273,NA_1273,NA,19131,0,0,0,84428,143146,29020,0,0,0,280980,0,0,29986,0,0,0,63952,0,0,476535,27116,110714
371,1392,NA_1392.371,NA,56037,0,0,0,248035,0,0,0,22303,0,55609,0,0,55388,0,55686,137798,12062,0,0,225569,59614,214491
372,1796,NA_1796,NA,62309,0,0,0,49246,111908,337393,0,0,0,54927,0,0,63856,0,306910,306985,39188,0,0,102887,32402,58219
373,1798,NA_1798,NA,27493,0,0,0,142447,132354,297355,0,0,0,63430,0,0,39779,0,259767,184542,89701,0,0,169381,84727,24750
374,1587,NA_1587,NA,80230,0,0,0,34915,221419,167747,0,0,0,173110,0,0,81598,0,156061,236398,111308,0,0,279301,133260,60761
375,1802,NA_1802,NA,43788,0,0,0,45621,453342,260441,0,0,0,82695,0,0,158161,0,42555,41733,33623,0,0,174389,76303,40010
376,1900,NA_1900,NA,54128,0,0,0,111219,127306,99508,0,0,0,66864,0,0,99189,0,115815,74259,12136,0,0,250376,123305,117557
377,1561,NA_1561.377,NA,0,0,0,0,66549,0,51502,0,0,0,453036,0,0,65164,0,0,0,264959,0,0,152170,270173,159413
378,649,NA_649,NA,0,278737,371771,55797,0,0,0,72153,0,0,0,7898,60333,0,274075,0,0,0,0,87849,0,0,0
379,1412,NA_1412.379,NA,151123,66899,96056,66770,42657,175495,79169,82124,0,0,52906,0,103675,126055,28842,237288,187700,184373,22557,47517,451140,334156,206797
380,1669,NA_1669,NA,73243,0,0,0,131820,170522,345284,0,0,0,183255,0,0,116274,0,139262,122566,40514,0,0,181612,89972,220743
381,1581,NA_1581,NA,110758,0,0,0,81925,252812,135538,0,0,0,220919,0,0,82692,0,117726,161581,46641,0,0,397288,213964,115401
382,1449,NA_1449,NA,68732,0,7956,0,21706,0,69994,0,0,0,371431,0,0,26201,0,0,0,99182,0,0,361153,134230,263330
383,1156,NA_1156,NA,6767,0,0,0,14744,0,9395,0,0,0,373900,0,0,0,0,13664,17677,20780,0,0,356872,30900,42049
384,2043,NA_2043,NA,0,85966,57659,66965,132290,38051,278310,73892,0,0,54810,0,208232,0,0,31891,152095,42859,0,0,262958,107862,115721
385,1828,NA_1828,NA,44380,0,0,0,27724,232870,169599,0,0,0,56293,0,0,59538,0,45848,94621,73292,0,0,216543,17645,37349
386,1413,NA_1413.386,NA,116977,0,0,36531,20450,130906,72900,0,0,0,427279,0,78964,24097,0,175463,92483,82282,0,75953,178922,228510,94709
387,1412,NA_1412.387,NA,160330,0,0,0,37713,147991,0,0,0,0,29991,0,0,121526,0,307197,193248,168187,0,0,348611,186287,176692
388,1895,NA_1895,NA,20251,0,0,0,88139,142141,218400,0,0,0,72169,0,0,32878,0,12327,11624,0,0,0,171993,0,33054
389,1574,NA_1574.389,NA,0,0,0,0,24525,0,0,0,0,0,407783,0,0,27474,0,0,0,257194,0,0,208200,287055,179361
390,1637,NA_1637,NA,83525,0,0,96463,185547,255212,196617,0,15661,81037,104368,239231,179142,248124,32626,160306,134518,60654,93390,110801,214785,260799,137737
391,1740,NA_1740,NA,33263,0,0,0,82993,79144,0,0,0,0,275241,0,0,24433,0,0,29955,136914,0,0,61311,213009,314816
392,2399,NA_2399,NA,0,204365,75196,32440,23101,0,0,18443,0,0,46995,0,88622,0,0,0,0,84263,0,0,160430,227868,91725
393,2087,NA_2087.393,NA,0,55554,47290,46262,13731,0,0,28122,0,0,67305,0,125853,0,0,0,0,22883,0,0,120173,75107,59657
394,1531,NA_1531.394,NA,91462,0,0,0,0,73081,226365,0,0,0,0,0,0,111573,0,22971,132926,130168,0,0,0,159826,0
395,1624,NA_1624,NA,45015,0,0,0,112661,121461,91602,0,81627,47464,122260,80945,0,64054,0,56811,46713,29127,0,22149,27850,162720,114656
396,1413,NA_1413.396,NA,142417,0,0,0,28355,0,13115,0,0,0,224561,0,0,46769,300773,0,0,60132,0,0,173356,192639,109652
397,2087,NA_2087.397,NA,0,24912,30150,24387,7339,0,0,33421,0,0,173538,0,9964,0,0,0,0,11293,0,0,52042,91026,23699
398,1516,NA_1516,NA,56259,0,0,0,50091,322730,335141,0,0,0,324607,0,0,334800,0,130516,222542,54893,0,0,151594,157286,68547
399,1330,NA_1330,NA,17482,0,0,0,261049,35657,117714,0,0,0,327716,0,0,51494,0,0,116250,17694,0,0,101679,18184,82853
400,2393,NA_2393,NA,0,63250,22800,0,7592,0,0,76351,0,0,8132,0,80117,0,0,0,0,25570,0,0,17372,19198,18668
401,2313,NA_2313.401,NA,0,379699,0,0,15580,0,196268,0,0,0,17985,0,37156,0,0,0,0,16636,0,0,94809,36324,23579
402,2313,NA_2313.402,NA,0,114852,0,0,26212,0,0,0,0,0,99214,0,154535,0,0,0,0,30256,0,0,196480,73070,107807
403,1818,NA_1818,NA,19779,0,0,0,73667,201208,262829,0,0,0,122927,0,0,21072,0,30721,35161,78293,0,0,37700,0,22643
404,1820,NA_1820.404,NA,192844,0,0,0,0,190787,160024,0,0,0,55118,0,0,90772,0,97936,83137,24843,0,0,0,0,0
405,1778,NA_1778,NA,23944,0,0,0,29351,49387,94837,0,0,0,15263,0,0,45726,0,98326,149093,31929,0,0,204218,73396,53987
406,1671,NA_1671.406,NA,47870,0,0,0,12476,116357,208349,0,0,0,211075,0,0,57833,0,113168,119873,115507,0,0,295260,207863,77603
407,1159,NA_1159.407,NA,15925,0,0,0,15176,136003,0,0,0,0,289371,0,0,27925,0,0,0,25704,0,0,289355,15654,22623
408,1332,NA_1332.408,NA,27083,0,0,0,60113,71130,5875,0,0,0,151688,0,0,0,0,0,0,6668,0,0,333785,0,23202
409,1642,NA_1642,NA,28037,0,0,0,57346,87385,116330,0,0,0,294755,0,0,47623,0,82877,41042,76119,0,0,110183,187955,112938
410,2060,NA_2060,NA,0,0,43190,59838,256611,0,241383,0,0,0,229851,0,0,0,0,0,0,136391,0,0,312634,26435,126698
411,1788,NA_1788,NA,34677,0,0,0,221348,80293,237287,0,0,0,98440,0,0,36413,0,191757,276670,55487,0,0,70866,71358,44588
412,1794,NA_1794,NA,64679,0,0,0,23838,88049,247043,0,0,0,14760,0,0,49782,0,182015,166983,122542,0,0,0,0,0
413,2196,NA_2196,NA,82176,197730,19673,61635,90488,242079,101086,46256,0,0,107459,0,183157,90467,0,129325,68579,18812,0,0,99087,76559,82325
414,2197,NA_2197.414,NA,70390,177514,26820,63371,9079,112841,91345,66695,0,0,21756,0,112194,0,0,230169,132240,14812,0,0,102029,67161,71536
415,2036,NA_2036,NA,0,131206,16911,38309,71141,0,0,33431,0,0,89536,0,148859,0,0,0,0,15846,0,0,190833,45879,32092
416,2197,NA_2197.416,NA,0,185665,9451,46780,21524,159456,89290,0,0,0,43754,0,133557,0,0,33581,0,9552,0,0,145502,70093,169779
417,2552,NA_2552,NA,13590,151994,0,14714,0,37723,87676,36789,0,0,11616,0,16087,12462,0,10218,6137,44828,0,0,71207,19030,6996
418,2198,NA_2198,NA,0,168590,8636,39250,161928,54761,116896,0,0,0,67631,0,144010,0,0,0,0,60287,0,0,144515,76220,101297
419,2316,NA_2316,NA,0,170486,0,0,12762,0,0,0,0,0,12917,0,5816,0,0,0,0,8882,0,0,58475,42759,22113
420,1626,NA_1626,NA,34252,0,0,0,23163,0,0,0,0,0,174281,42540,0,31103,0,0,0,86805,0,0,50282,105280,235380
421,2197,NA_2197.421,NA,0,248611,0,0,91615,5070,0,0,0,0,30605,0,16304,0,0,0,0,38163,0,0,25074,21209,14110
422,1769,NA_1769,NA,60010,0,0,0,7711,118180,182536,0,0,0,10317,0,0,16533,0,169368,155882,96268,0,0,67928,61464,174770
423,1708,NA_1708,NA,187122,0,0,0,92326,206637,106071,0,0,0,10308,0,0,47997,0,212048,45098,0,0,0,41251,28445,75513
424,1658,NA_1658,NA,11185,0,0,0,101618,81229,70675,0,0,0,105631,0,0,38553,0,33402,82518,38670,0,0,211425,104957,98728
425,2721,NA_2721,NA,0,18696,31739,34470,70666,0,0,25786,0,0,64353,0,116792,0,0,0,0,47997,0,0,16484,7878,22729
426,2462,NA_2462,NA,94601,96256,37287,25999,166290,181923,67789,48047,0,0,118300,0,105355,95811,0,68820,0,42332,0,0,116531,30154,72656
427,2465,NA_2465,NA,0,111574,0,50361,6222,11334,32308,52277,0,0,90062,0,152485,7813,0,17916,0,6119,0,0,25668,10837,8047
428,2240,NA_2240,NA,8617,0,0,0,7494,17095,88495,0,0,0,18174,0,0,28275,0,24726,19669,35845,0,0,83696,35576,19727